Country_ID,Year,Happiness_Score_Rank,GDP_Per_Capita_Rank,Social_Support_Rank,Life_Expectancy_Rank,Freedom_Rank,Generosity_Rank,Corruption_Rank
1,2005,17,15,17,14,12,2,22
1,2007,19,17,19,19,25,63,85
1,2010,33,30,15,30,46,66,99
1,2011,34,29,25,30,57,92,125
1,2012,31,32,29,33,62,106,126
1,2013,22,29,40,32,71,107,108
1,2014,29,31,43,33,48,121,111
1,2015,23,31,26,34,49,114,110
1,2016,22,32,18,36,37,125,117
1,2017,21,32,39,36,57,127,116
1,2018,15,29,17,34,71,134,101
1,2020,16,28,3,33,24,100,99
1,2021,13,28,6,34,24,26,98
1,2022,23,30,10,37,20,45,93
1,2023,18,28,14,38,19,66,100
1,2024,18,32,10,39,22,43,109
2,2006,23,20,16,40,76,83,84
2,2007,29,22,7,51,76,97,96
2,2008,39,28,22,49,71,101,100
2,2009,48,29,10,57,91,105,105
2,2010,70,38,43,67,100,114,111
2,2011,58,36,27,69,113,102,129
2,2012,54,38,25,70,119,129,126
2,2013,57,34,25,68,113,125,118
2,2014,42,36,26,69,126,131,130
2,2015,56,36,16,66,104,132,123
2,2016,51,36,14,63,117,134,131
2,2017,37,36,18,61,95,122,76
2,2018,33,31,17,54,107,127,102
2,2019,52,34,29,55,80,137,75
2,2020,30,29,10,48,55,97,79
2,2021,17,30,15,47,97,107,102
2,2022,10,33,13,45,109,130,37
2,2023,31,30,42,46,105,135,64
2,2024,19,33,22,49,107,135,77
3,2006,26,15,13,13,5,28,20
3,2009,38,23,15,19,6,48,46
3,2010,38,31,23,25,10,42,71
3,2011,39,30,14,25,15,60,102
3,2012,37,33,23,26,17,65,103
3,2013,42,31,13,25,21,42,111
3,2014,58,33,26,26,22,46,115
3,2015,55,33,34,26,21,57,113
3,2016,49,34,17,25,17,76,87
3,2017,43,34,17,25,18,66,92
3,2018,36,30,6,24,8,93,91
3,2019,24,33,6,25,8,93,76
3,2020,27,30,10,23,4,79,65
3,2021,19,29,3,23,37,56,57
3,2022,21,29,11,23,13,42,70
3,2023,22,26,22,21,10,63,63
3,2024,21,30,13,24,20,57,65
4,2007,53,46,37,53,95,44,73
4,2008,41,66,29,53,39,27,59
4,2009,36,70,55,62,89,12,104
4,2010,66,80,105,71,113,16,113
4,2011,91,87,95,75,107,45,111
4,2012,57,88,96,76,91,43,122
4,2013,38,85,102,74,112,24,117
4,2014,84,90,112,78,131,52,58
4,2015,79,85,78,79,121,24,90
4,2016,56,86,76,80,49,27,130
4,2017,45,86,88,87,46,32,136
4,2018,29,82,77,84,28,6,130
4,2019,33,85,71,88,58,8,133
4,2020,33,78,76,83,33,3,105
4,2021,23,76,61,87,42,8,86
4,2022,45,77,39,91,38,20,104
4,2023,16,71,77,91,26,8,90
4,2024,29,82,60,48,35,10,104
5,2005,26,20,22,21,18,2,26
5,2007,41,29,75,42,49,89,94
5,2009,54,35,63,46,76,94,103
5,2010,77,44,107,52,92,82,115
5,2011,76,47,98,53,91,101,129
5,2012,70,50,99,53,87,95,128
5,2013,75,48,82,53,94,99,125
5,2014,57,50,103,54,62,101,131
5,2015,54,49,83,55,59,112,133
5,2016,44,47,82,54,50,107,131
5,2017,47,46,79,55,54,118,137
5,2018,41,40,80,53,50,124,129
5,2019,46,42,72,54,55,132,139
5,2020,19,38,51,51,41,106,111
5,2021,27,40,64,52,32,115,118
5,2022,32,42,71,55,53,127,139
5,2023,35,37,71,55,51,129,131
5,2024,32,44,71,59,49,137,141
6,2006,34,19,22,26,40,80,40
6,2007,44,20,20,32,42,94,21
6,2008,44,27,23,33,62,96,19
6,2009,66,26,39,34,73,98,40
6,2011,55,34,28,37,77,110,27
6,2012,66,36,46,37,73,118,60
6,2013,62,33,34,35,57,117,35
6,2014,63,34,22,36,58,116,27
6,2015,57,35,24,34,44,118,20
6,2016,59,35,14,34,41,114,23
6,2017,54,35,14,34,42,93,30
6,2018,44,32,12,32,30,100,22
6,2019,53,35,22,33,36,87,21
6,2020,29,32,7,30,5,79,10
6,2021,25,31,10,31,9,49,13
6,2022,36,34,16,33,21,35,10
6,2023,39,32,2,31,17,62,8
6,2024,34,35,5,34,15,55,11
7,2005,20,17,15,15,19,2,27
7,2007,27,27,16,27,35,58,83
7,2009,39,30,18,30,24,27,77
7,2010,43,39,6,36,38,49,91
7,2011,52,39,30,35,29,75,105
7,2012,49,42,12,37,40,67,101
7,2013,55,39,26,37,50,101,108
7,2014,55,40,17,37,25,90,113
7,2015,42,40,37,38,60,99,67
7,2016,35,40,29,38,31,99,91
7,2017,40,40,50,38,60,99,26
7,2018,43,35,55,36,38,131,39
7,2019,41,37,52,36,39,134,37
7,2020,42,33,10,34,82,55,60
7,2021,55,33,12,34,86,33,49
7,2022,26,35,43,36,63,132,34
7,2023,24,31,34,36,80,135,33
7,2024,35,36,28,38,87,118,42
8,2007,70,40,40,37,91,83,76
8,2009,90,45,80,41,104,91,100
8,2010,93,55,102,50,111,103,112
8,2011,95,59,91,51,129,115,131
8,2012,71,61,72,52,126,99,123
8,2013,74,58,63,52,117,89,103
8,2014,81,60,93,53,122,42,117
8,2015,68,59,74,54,125,84,96
8,2016,57,60,44,52,117,87,108
8,2017,86,60,48,53,114,87,106
8,2018,48,58,60,52,91,87,109
8,2019,42,58,37,52,92,68,87
8,2020,45,52,56,49,45,14,78
8,2021,42,52,37,51,38,7,71
8,2022,30,55,36,53,75,53,84
8,2023,38,52,30,51,68,47,77
8,2024,37,56,33,57,62,33,85
9,2006,38,22,5,28,81,57,81
9,2010,41,34,21,44,81,84,92
9,2011,40,35,22,43,80,43,104
9,2012,48,39,21,45,95,67,112
9,2013,46,37,29,43,107,68,107
9,2014,40,39,17,44,108,109,119
9,2015,38,38,10,43,116,108,125
9,2016,42,39,8,43,100,80,123
9,2017,29,39,28,42,107,78,134
9,2018,38,36,22,39,84,109,125
9,2019,40,40,24,39,85,105,136
9,2020,23,36,9,37,87,75,103
9,2021,35,36,5,37,84,50,109
9,2022,48,40,4,37,98,116,102
9,2023,49,39,8,36,92,118,97
9,2024,45,40,3,39,99,105,116
10,2006,54,20,35,44,68,76,80
10,2007,74,24,45,55,44,84,82
10,2008,55,29,41,50,69,94,89
10,2009,80,32,68,58,99,92,94
10,2011,82,44,67,67,114,52,119
10,2012,75,46,58,68,110,73,106
10,2013,77,41,57,64,102,80,75
10,2014,56,43,41,65,96,83,71
10,2015,49,42,44,59,102,90,66
10,2016,48,43,29,59,104,116,102
10,2017,52,42,44,61,111,115,82
10,2018,53,38,27,59,123,122,71
10,2019,59,41,20,60,115,124,78
10,2020,37,37,26,57,59,76,68
10,2021,37,37,4,60,59,103,84
10,2022,49,42,20,62,61,67,103
10,2023,46,40,12,61,66,55,84
10,2024,46,43,12,66,61,81,97
11,2005,24,16,12,20,24,2,23
11,2007,60,23,10,36,82,81,74
11,2009,74,28,27,40,94,82,85
11,2010,83,36,36,48,103,98,116
11,2011,86,37,35,50,97,86,122
11,2012,94,43,32,51,107,100,118
11,2013,84,40,45,51,87,94,104
11,2014,78,40,59,52,129,115,94
11,2015,67,41,54,50,122,125,119
11,2016,66,41,40,49,127,123,127
11,2017,48,41,54,49,117,106,128
11,2018,48,37,6,46,110,130,127
11,2019,57,39,10,46,76,125,123
11,2020,46,35,18,43,78,93,82
11,2021,43,35,8,45,89,87,82
11,2022,69,37,13,46,78,82,107
11,2023,59,34,3,48,88,82,109
11,2024,56,38,4,50,94,87,110
12,2007,28,21,18,22,58,72,91
12,2009,49,27,43,26,85,102,97
12,2010,54,35,85,34,94,112,114
12,2011,62,40,86,33,123,117,131
12,2012,38,44,87,36,115,127,117
12,2013,48,43,93,36,103,118,118
12,2014,67,47,119,39,124,27,120
12,2015,70,45,88,41,90,101,88
12,2016,70,44,88,40,106,84,107
12,2017,75,45,97,39,106,94,129
12,2018,65,41,30,37,111,105,131
12,2019,71,44,20,38,96,110,137
12,2020,24,41,28,35,49,71,116
12,2021,38,38,23,37,40,66,120
12,2022,79,38,27,40,130,133,121
12,2023,61,35,23,38,131,130,89
12,2024,63,39,23,42,124,128,126
13,2007,62,53,70,21,97,41,84
13,2009,72,56,87,28,105,50,98
13,2010,86,68,89,39,115,91,103
13,2011,78,74,109,40,132,61,114
13,2012,90,78,85,44,128,61,124
13,2013,73,73,85,44,128,37,127
13,2014,74,75,90,46,132,15,133
13,2015,77,72,114,47,108,81,132
13,2016,83,72,84,47,115,24,133
13,2017,90,72,95,47,133,36,135
13,2018,54,65,69,45,114,17,128
13,2019,55,66,59,46,104,30,140
13,2020,64,58,37,44,94,19,110
13,2021,62,58,52,48,80,5,116
13,2022,66,62,66,50,92,22,136
13,2023,57,59,43,51,53,12,137
13,2024,65,64,56,54,77,14,143
14,2007,52,37,47,33,86,78,43
14,2009,77,43,60,39,81,76,54
14,2010,62,52,81,47,97,108,44
14,2011,68,55,75,48,115,123,57
14,2012,68,58,109,50,125,121,45
14,2013,76,55,98,50,119,113,27
14,2014,71,56,51,51,128,36,57
14,2015,75,56,100,50,118,113,61
14,2016,76,56,60,51,125,98,92
14,2017,68,57,52,50,124,91,63
14,2018,64,52,58,48,120,66,59
14,2019,81,55,77,50,116,96,90
14,2020,60,53,44,46,66,34,88
14,2022,76,53,51,51,77,89,85
14,2023,73,49,58,51,69,103,45
14,2024,76,52,56,54,72,99,64
15,2007,94,35,47,43,81,79,98
15,2010,111,49,63,56,98,99,105
15,2011,124,52,55,56,88,125,124
15,2012,116,55,61,57,88,115,120
15,2013,110,50,62,57,105,115,126
15,2014,106,53,40,58,116,88,129
15,2015,90,52,30,58,106,126,126
15,2016,91,53,24,58,100,118,129
15,2017,89,54,9,59,112,113,132
15,2018,89,51,20,57,98,113,135
15,2019,91,52,9,58,67,98,138
15,2020,62,46,31,55,61,54,103
15,2021,75,47,40,58,41,78,107
15,2022,84,47,7,60,93,121,140
15,2023,81,43,10,60,89,117,137
15,2024,81,48,17,64,81,115,141
16,2007,80,45,57,46,92,33,63
16,2009,88,51,88,50,83,56,58
16,2010,104,58,108,61,104,71,77
16,2011,87,63,89,64,102,85,92
16,2012,98,66,78,67,97,89,116
16,2013,67,62,58,66,99,43,85
16,2014,76,64,86,67,106,49,97
16,2015,85,60,91,66,99,79,75
16,2016,72,62,59,66,97,40,103
16,2017,81,62,84,66,92,80,110
16,2018,82,59,63,61,89,63,125
16,2019,95,62,80,61,103,52,134
16,2020,86,57,86,57,69,21,96
16,2021,71,57,73,58,69,18,105
16,2022,91,60,68,58,101,55,138
16,2023,87,58,41,58,101,35,133
16,2024,84,62,60,62,95,35,140
17,2007,75,56,53,24,84,49,67
17,2009,45,57,52,24,87,88,67
17,2010,65,67,100,31,91,103,32
17,2011,42,72,95,29,126,119,98
17,2012,61,76,80,31,100,110,85
17,2013,96,74,89,30,101,97,87
17,2014,91,78,124,31,75,77,108
17,2015,103,76,118,32,88,91,109
17,2016,105,75,122,32,88,61,119
17,2017,105,75,130,33,93,67,124
17,2018,93,71,116,31,55,50,120
17,2019,99,74,120,34,82,88,130
17,2020,73,66,98,32,90,49,101
17,2021,82,63,96,33,50,52,109
17,2022,89,66,106,37,62,102,104
17,2023,86,61,109,40,39,52,112
17,2024,87,67,108,39,56,72,121
18,2006,39,58,29,48,29,68,12
18,2008,49,73,24,58,28,56,31
18,2009,57,77,23,66,42,41,16
18,2010,68,88,33,75,55,64,15
18,2011,49,95,16,80,10,35,13
18,2012,39,95,14,82,14,74,14
18,2013,45,92,3,78,1,64,10
18,2014,43,96,5,84,2,45,19
18,2015,45,93,3,77,1,3,16
18,2016,50,94,8,78,1,12,41
18,2017,26,98,9,78,1,31,16
18,2018,39,94,23,74,1,4,15
18,2019,44,98,31,76,1,6,19
18,2020,54,91,57,71,16,10,27
18,2021,44,92,33,72,7,20,26
18,2022,52,100,46,75,3,7,24
18,2023,42,97,23,70,11,11,29
18,2024,47,101,30,79,5,11,28
19,2006,30,28,44,60,47,82,63
19,2007,32,32,35,74,23,93,61
19,2008,31,35,46,74,43,98,80
19,2009,53,37,31,82,17,101,59
19,2010,58,43,31,90,43,111,65
19,2011,50,45,30,92,25,127,66
19,2012,55,48,44,93,35,113,95
19,2013,49,46,39,85,47,123,68
19,2014,46,45,85,87,49,62,74
19,2015,47,47,15,82,79,72,36
19,2016,64,49,21,78,65,67,28
19,2017,57,48,25,76,96,73,62
19,2018,46,46,11,70,51,84,87
19,2019,37,48,5,74,53,75,41
19,2020,39,44,2,68,37,68,30
19,2021,40,45,29,65,63,55,66
19,2022,54,48,23,65,32,65,48
19,2023,45,45,13,61,25,57,91
19,2024,48,49,21,68,37,60,74
20,2006,40,47,56,56,78,72,76
20,2007,69,61,62,68,47,88,87
20,2008,42,59,36,69,64,64,89
20,2009,43,68,44,78,84,74,89
20,2010,55,77,62,86,87,83,102
20,2011,44,83,50,91,99,80,126
20,2012,42,87,67,90,100,77,125
20,2013,54,82,72,86,92,77,121
20,2014,50,86,81,88,110,105,124
20,2015,41,82,62,87,115,96,128
20,2016,62,81,70,87,126,74,134
20,2017,77,81,67,82,134,77,137
20,2018,62,75,43,77,55,79,133
20,2019,66,78,82,78,79,85,123
20,2020,55,73,49,72,42,65,114
20,2021,57,67,44,72,48,101,100
20,2022,74,73,80,73,56,108,127
20,2023,74,70,63,66,58,122,114
20,2024,70,75,60,75,55,122,125
21,2006,45,23,31,59,67,84,78
21,2007,48,25,25,72,75,98,90
21,2008,37,30,30,72,61,103,87
21,2009,64,30,22,79,71,103,96
21,2010,63,37,28,89,85,115,104
21,2011,60,38,42,94,100,131,120
21,2012,58,41,39,94,98,130,120
21,2013,58,38,42,89,90,128,116
21,2014,44,42,16,90,71,132,101
21,2015,44,44,21,88,92,121,120
21,2016,52,46,34,89,94,121,128
21,2017,72,47,42,86,100,109,111
21,2018,66,44,33,79,95,101,110
21,2019,78,47,35,82,107,101,105
21,2020,67,42,44,74,97,74,77
21,2021,72,43,51,74,105,46,72
21,2022,51,46,25,77,78,105,72
21,2023,69,44,57,73,94,56,50
21,2024,72,47,47,81,102,72,73
22,2006,58,61,50,54,58,70,65
22,2007,72,76,46,67,50,70,86
22,2008,71,77,63,66,46,82,86
22,2009,68,81,45,73,54,86,76
22,2010,74,96,41,82,65,77,99
22,2011,85,103,38,84,72,106,116
22,2012,69,105,54,84,69,86,104
22,2013,61,100,53,80,56,86,99
22,2014,72,103,35,82,73,5,111
22,2015,88,102,55,76,46,22,95
22,2016,90,101,31,73,56,42,123
22,2017,67,105,49,72,45,21,122
22,2018,76,100,41,66,6,7,122
22,2019,67,106,56,66,15,59,125
22,2020,36,100,35,56,12,26,113
22,2021,69,100,30,54,11,16,113
22,2022,75,111,21,49,7,12,122
22,2023,65,109,7,47,4,32,130
22,2024,75,111,15,53,7,20,131
23,2006,68,43,77,39,82,75,57
23,2007,66,54,71,50,72,95,44
23,2008,75,54,80,48,96,95,67
23,2009,97,64,95,55,98,96,70
23,2010,97,75,110,62,112,105,87
23,2011,115,82,116,63,127,122,95
23,2012,108,82,114,61,120,124,105
23,2013,103,77,101,59,118,116,99
23,2014,105,80,106,58,127,128,121
23,2015,111,77,104,57,124,127,116
23,2016,112,78,111,55,120,119,125
23,2017,122,76,115,55,126,110,113
23,2018,90,72,81,51,63,108,28
23,2019,74,71,95,48,57,121,22
23,2021,79,64,87,43,67,112,37
23,2022,83,63,83,44,72,124,43
23,2023,80,60,73,45,65,128,40
23,2024,82,66,84,47,65,132,45
24,2006,59,72,72,52,52,66,34
24,2007,83,88,77,65,22,47,13
24,2008,61,90,81,68,29,45,27
24,2009,82,96,96,76,46,45,39
24,2010,95,106,94,87,44,35,23
24,2011,114,116,100,92,62,93,25
24,2012,105,118,105,95,59,85,31
24,2013,82,114,107,92,82,32,53
24,2014,87,117,77,95,31,66,35
24,2015,76,114,61,94,37,55,42
24,2016,85,114,63,96,98,56,22
24,2017,61,118,124,99,57,30,41
24,2018,67,113,50,94,88,73,18
24,2019,76,116,51,97,93,71,18
24,2020,72,105,77,89,91,63,19
24,2021,81,105,41,91,83,92,16
24,2022,90,115,60,97,88,79,11
24,2023,89,113,50,96,94,99,14
24,2024,88,76,90,83,77,62,56
25,2006,79,44,80,43,79,81,29
25,2007,95,57,95,55,88,96,16
25,2008,94,56,94,52,74,99,11
25,2009,102,63,103,61,92,99,12
25,2010,107,73,115,70,96,113,12
25,2011,117,75,130,73,96,130,7
25,2012,112,74,128,75,83,128,4
25,2013,102,70,125,71,73,126,7
25,2014,112,71,128,73,80,129,10
25,2015,117,70,130,73,105,128,17
25,2016,108,73,131,72,122,132,18
25,2017,114,72,135,75,67,139,20
25,2018,107,66,128,71,75,126,51
25,2019,107,65,125,76,73,139,28
25,2020,83,61,96,73,85,112,21
25,2021,93,59,101,74,73,122,41
25,2022,88,61,99,78,59,138,29
25,2023,90,57,89,78,33,138,45
25,2024,91,63,101,82,59,143,43
26,2006,52,41,47,51,31,77,35
26,2007,79,47,73,64,85,91,64
26,2008,69,48,83,64,78,57,26
26,2009,83,48,85,72,90,69,31
26,2010,101,57,108,79,107,90,78
26,2011,103,62,109,85,118,91,65
26,2012,86,64,95,85,102,103,48
26,2013,59,60,84,83,88,111,29
26,2014,72,61,83,86,76,126,28
26,2015,73,64,84,86,71,124,21
26,2016,76,68,97,88,95,127,19
26,2017,84,69,90,91,100,135,27
26,2018,84,68,94,83,79,125,17
26,2019,86,70,45,87,51,131,14
26,2022,107,69,114,86,63,52,40
26,2023,92,65,102,85,62,125,25
26,2024,101,70,112,92,60,94,32
27,2006,49,36,49,49,71,79,77
27,2007,47,42,54,62,87,92,97
27,2008,53,45,38,61,94,102,92
27,2009,63,54,47,68,95,100,101
27,2010,72,62,42,77,109,107,108
27,2011,73,66,57,81,109,125,117
27,2012,79,68,40,80,110,126,107
27,2013,92,67,36,77,111,121,120
27,2014,111,70,45,76,121,40,125
27,2015,120,78,28,74,132,68,131
27,2016,121,79,50,75,131,55,111
27,2017,119,78,59,79,129,60,139
27,2018,106,74,39,75,113,74,134
27,2019,112,77,50,80,107,81,125
27,2020,79,69,47,75,71,22,115
27,2021,78,71,45,76,77,23,117
27,2022,105,89,61,79,56,3,110
27,2023,105,77,65,79,81,4,135
27,2024,105,86,58,86,74,4,136
28,2006,17,12,37,12,69,51,56
28,2008,40,20,49,20,62,52,41
28,2010,34,18,66,20,72,48,64
28,2011,35,19,54,75,70,36,51
28,2012,36,21,69,76,72,44,66
28,2013,34,18,69,74,85,54,78
28,2014,34,20,49,78,90,37,99
28,2015,30,18,41,79,89,54,94
28,2016,25,20,44,80,92,71,71
28,2017,30,20,47,87,86,85,50
28,2018,27,16,42,84,90,111,41
28,2019,27,19,41,88,72,104,43
28,2020,20,70,36,83,67,50,35
28,2021,41,74,49,87,56,67,32
28,2022,29,80,44,91,63,72,33
28,2023,27,78,49,91,73,72,27
28,2024,31,19,50,35,67,125,30
29,2005,16,12,13,1,11,2,11
29,2007,24,14,8,1,26,70,41
29,2008,30,22,27,1,35,89,50
29,2009,37,20,33,1,50,95,28
29,2010,40,24,34,1,49,97,48
29,2011,36,23,22,1,50,68,39
29,2012,43,25,34,1,57,49,26
29,2013,43,23,20,1,33,105,22
29,2014,49,26,33,1,36,114,24
29,2015,50,25,22,1,40,116,26
29,2016,45,27,40,1,45,82,27
29,2017,55,28,50,1,50,132,29
29,2018,60,25,47,1,76,133,30
29,2019,63,30,52,1,75,138,25
29,2020,43,24,44,1,63,116,23
29,2021,50,27,33,1,66,120,30
29,2022,44,30,33,1,73,137,28
29,2023,65,27,63,1,77,132,23
29,2024,51,30,46,2,72,140,27
30,2006,36,18,64,6,50,59,43
30,2007,31,19,51,9,60,62,39
30,2008,47,26,72,11,90,84,38
30,2009,41,24,65,10,77,73,37
30,2010,37,27,72,8,72,62,41
30,2011,19,28,82,7,86,67,72
30,2012,41,27,88,6,96,49,81
30,2013,43,25,77,5,97,69,73
30,2014,54,27,107,3,110,83,85
30,2015,53,28,88,3,111,70,83
30,2016,43,29,80,3,123,52,97
30,2017,58,29,81,3,135,52,106
30,2018,57,24,86,3,126,80,70
30,2019,64,27,94,3,112,75,43
30,2020,56,19,65,2,99,86,31
30,2021,47,22,72,3,93,82,35
30,2022,58,24,84,2,101,70,62
30,2023,55,21,79,2,84,84,47
30,2024,52,25,80,3,101,83,54
31,2006,62,51,69,27,36,35,24
31,2007,67,66,57,35,36,86,22
31,2008,67,63,73,35,22,78,31
31,2009,87,66,71,36,35,90,29
31,2010,88,76,92,41,34,93,37
31,2011,74,81,88,41,42,116,42
31,2012,77,81,79,41,41,117,37
31,2013,66,76,82,39,36,108,39
31,2014,77,73,71,40,64,127,44
31,2015,69,70,80,38,77,131,43
31,2016,75,70,108,39,81,129,41
31,2017,87,68,96,39,39,124,51
31,2018,87,60,92,38,27,107,44
31,2019,88,63,79,39,12,119,57
31,2020,58,56,65,38,27,84,41
31,2021,60,55,56,40,31,60,49
31,2023,54,55,80,43,74,91,53
31,2024,60,60,70,45,52,77,50
32,2007,76,65,26,76,31,37,79
32,2008,83,65,20,76,95,33,101
32,2010,91,81,31,95,83,25,101
32,2011,75,84,6,100,85,21,115
32,2012,87,84,25,100,76,30,119
32,2013,85,79,12,97,61,23,114
32,2014,90,80,9,100,63,25,115
32,2015,84,79,32,99,91,26,115
32,2016,88,80,7,100,76,35,117
32,2017,76,82,19,103,116,32,113
32,2018,71,76,5,98,109,36,100
32,2019,72,80,11,103,110,12,116
32,2020,49,74,30,96,95,16,86
32,2021,63,78,16,98,108,15,92
32,2022,71,85,8,105,104,18,106
32,2023,82,76,9,104,116,14,119
32,2024,77,85,10,107,117,15,117
33,2006,29,9,56,41,10,14,5
33,2008,56,9,45,53,5,8,4
33,2009,51,9,49,62,4,6,3
33,2010,52,9,57,71,14,7,4
33,2011,57,7,62,75,19,13,3
33,2012,63,7,67,76,22,15,9
33,2014,64,8,62,78,34,17,11
33,2016,65,8,74,80,60,31,11
33,2017,74,8,67,87,60,24,14
33,2019,69,8,65,88,101,36,12
33,2020,76,6,64,83,100,73,9
33,2021,77,7,66,87,106,59,10
33,2022,86,10,87,91,115,59,9
33,2024,86,8,75,1,120,61,10
34,2006,9,30,12,13,13,26,41
34,2007,6,38,14,16,3,29,46
34,2008,19,41,21,22,8,29,50
34,2009,2,44,28,19,9,31,37
34,2010,11,53,25,25,15,39,45
34,2011,10,56,37,25,13,63,77
34,2012,11,57,37,26,8,41,62
34,2013,13,54,33,25,18,49,64
34,2014,10,55,23,26,11,57,64
34,2015,16,55,46,26,17,84,54
34,2016,12,55,39,28,29,67,57
34,2017,13,55,20,29,10,89,49
34,2018,13,53,49,27,8,90,63
34,2019,18,56,36,30,12,116,100
34,2020,31,49,60,28,28,101,53
34,2021,36,50,46,29,27,80,66
34,2022,9,54,30,32,19,97,63
34,2023,4,50,45,32,8,104,71
34,2024,12,55,37,32,17,100,69
35,2005,15,19,18,22,16,2,16
35,2007,18,34,27,45,56,74,26
35,2008,20,37,35,43,55,86,41
35,2009,12,42,40,49,57,63,34
35,2010,20,50,47,58,47,67,26
35,2011,20,53,71,59,40,88,29
35,2012,10,56,91,59,45,92,20
35,2013,6,51,89,59,65,110,18
35,2014,23,54,94,61,55,100,25
35,2015,36,53,93,59,85,115,35
35,2016,19,54,47,61,79,115,70
35,2017,27,56,84,65,43,131,84
35,2018,24,54,57,63,60,116,81
35,2019,32,57,66,66,25,113,85
35,2020,51,51,80,64,36,95,57
35,2021,54,53,84,65,44,83,53
35,2022,10,57,65,70,41,113,78
35,2023,11,53,51,71,40,115,67
35,2024,25,58,68,74,45,113,67
36,2006,27,29,21,19,24,68,9
36,2007,34,36,28,23,28,85,11
36,2008,35,38,33,28,30,91,15
36,2009,25,40,13,27,23,82,13
36,2010,39,47,37,36,24,101,13
36,2011,29,49,38,37,32,82,15
36,2012,28,52,53,40,24,37,18
36,2013,32,49,21,41,23,69,17
36,2014,26,51,31,42,16,95,18
36,2015,20,51,39,45,13,75,29
36,2016,33,51,40,46,22,93,24
36,2017,32,52,25,46,28,92,24
36,2018,31,48,26,44,35,88,29
36,2019,25,51,24,45,25,91,24
36,2020,32,47,29,42,23,82,15
36,2021,28,48,27,45,19,89,22
36,2022,25,50,29,48,34,98,27
36,2023,25,47,25,50,21,96,33
36,2024,26,51,26,52,25,101,26
37,2006,28,48,39,32,56,61,45
37,2007,45,62,82,41,66,53,33
37,2008,52,62,74,44,68,75,29
37,2009,16,71,88,54,61,77,17
37,2010,23,82,96,65,74,75,27
37,2011,100,88,108,70,73,97,32
37,2012,46,89,76,73,77,107,56
37,2013,35,86,64,72,76,106,57
37,2014,53,91,84,75,56,124,59
37,2015,40,87,81,77,80,117,64
37,2016,36,89,91,77,60,122,65
37,2017,31,92,70,76,87,122,72
37,2018,37,87,78,73,42,83,74
37,2019,29,91,101,75,44,99,32
37,2020,68,86,102,70,17,99,21
37,2021,34,86,78,70,12,96,27
37,2022,31,93,96,66,17,112,26
37,2023,36,91,94,64,6,110,17
37,2024,33,93,94,71,13,115,23
38,2006,20,25,51,17,43,13,13
38,2007,33,28,56,18,58,12,19
38,2008,33,33,60,25,65,31,30
38,2009,20,36,53,22,44,20,26
38,2010,25,42,57,29,42,24,29
38,2011,30,43,73,28,84,25,49
38,2012,26,47,56,30,63,19,55
38,2013,21,44,50,29,68,30,37
38,2014,21,46,54,30,76,19,53
38,2015,27,46,67,31,69,51,70
38,2016,24,48,68,31,110,31,96
38,2017,35,49,53,31,76,65,96
38,2018,28,47,44,29,73,70,85
38,2019,61,49,62,30,123,95,110
38,2020,41,45,43,27,74,44,73
38,2021,33,46,36,27,64,88,95
38,2022,33,49,40,27,70,85,82
38,2023,51,46,46,27,67,89,103
38,2024,38,50,38,28,64,92,100
39,2006,18,27,6,18,13,58,74
39,2007,12,29,9,20,65,32,78
39,2008,17,32,18,26,51,35,69
39,2009,10,34,23,23,51,39,72
39,2010,9,41,18,32,53,53,85
39,2011,9,42,48,32,41,48,78
39,2012,22,40,41,34,47,59,64
39,2013,19,36,37,33,34,48,65
39,2014,25,37,48,34,21,66,90
39,2015,24,37,43,34,37,60,67
39,2016,37,38,53,37,23,105,86
39,2017,24,38,30,37,27,121,98
39,2018,34,34,35,35,44,97,90
39,2019,50,38,46,36,39,128,115
39,2021,26,41,31,39,62,110,96
39,2022,56,39,38,41,24,115,128
39,2023,33,36,37,41,49,121,119
39,2024,39,41,31,43,46,129,126
40,2006,24,49,53,58,62,12,19
40,2007,21,63,31,71,69,23,42
40,2008,26,64,37,73,69,17,45
40,2009,21,72,51,81,65,14,32
40,2010,32,83,56,91,69,17,54
40,2011,48,89,93,96,69,46,91
40,2012,50,90,77,97,25,45,74
40,2013,41,87,60,93,24,37,67
40,2014,28,92,62,96,34,32,71
40,2015,29,88,70,93,28,48,73
40,2016,30,90,80,95,34,54,74
40,2017,34,93,72,97,20,79,83
40,2018,22,88,67,92,19,56,57
40,2019,39,93,97,96,29,79,72
40,2022,46,96,86,96,43,100,96
40,2023,40,94,81,95,38,95,91
40,2024,42,95,82,99,36,102,97
41,2006,64,56,41,37,42,34,54
41,2007,61,72,31,48,20,20,47
41,2008,60,72,40,46,32,32,53
41,2009,55,80,49,53,45,29,41
41,2010,51,92,53,63,39,45,55
41,2011,61,100,83,65,61,56,55
41,2012,64,99,43,68,30,47,21
41,2013,51,95,46,67,27,39,19
41,2014,37,98,61,69,41,34,36
41,2015,48,95,67,68,48,42,40
41,2016,41,97,64,67,93,48,36
41,2017,25,101,65,69,17,53,32
41,2018,59,97,59,65,67,51,38
41,2019,47,104,58,70,39,48,27
41,2020,34,95,55,66,61,42,24
41,2021,49,95,62,68,16,60,32
41,2022,34,105,69,71,17,80,20
41,2023,43,103,67,71,19,87,20
41,2024,43,105,67,75,19,75,25
42,2005,13,23,19,24,10,2,15
42,2007,22,41,24,52,34,54,20
42,2008,23,43,34,51,33,74,23
42,2009,11,47,20,59,37,60,25
42,2010,19,54,30,69,33,70,22
42,2011,16,58,24,72,39,77,23
42,2012,24,59,45,72,31,49,19
42,2013,14,56,27,70,45,88,31
42,2014,17,58,35,72,84,106,41
42,2015,26,62,31,71,58,62,58
42,2016,29,65,32,70,59,103,57
42,2017,33,65,35,71,85,125,80
42,2018,40,63,48,67,87,92,55
42,2019,30,67,39,71,63,79,70
42,2020,44,60,61,66,70,67,38
42,2021,52,61,69,67,70,40,46
42,2022,43,68,58,68,55,101,54
42,2023,31,66,56,66,40,92,50
42,2024,44,71,65,73,57,79,60
43,2006,14,24,11,25,46,71,59
43,2007,26,26,34,34,61,79,70
43,2008,29,31,25,36,53,88,64
43,2009,22,33,15,38,68,85,71
43,2010,27,40,19,45,60,92,75
43,2011,22,41,40,46,49,113,51
43,2012,27,45,37,47,61,104,73
43,2013,27,42,27,46,68,100,70
43,2014,24,48,20,47,70,119,92
43,2015,19,49,19,48,27,122,90
43,2016,28,50,52,48,39,124,93
43,2017,50,51,33,48,57,129,98
43,2018,61,50,40,46,49,121,103
43,2019,50,54,40,48,70,129,96
43,2020,52,50,38,45,57,98,75
43,2021,59,49,43,49,55,75,75
43,2022,41,52,37,54,58,117,89
43,2023,41,51,33,55,60,116,108
43,2024,48,54,36,57,58,111,96
44,2006,51,41,31,34,53,24,52
44,2007,46,51,33,40,45,24,87
44,2008,38,52,26,41,58,37,75
44,2009,42,59,28,47,52,36,64
44,2010,45,65,40,56,61,33,50
44,2011,51,70,50,57,87,16,53
44,2012,53,73,16,60,60,18,52
44,2013,47,68,9,61,14,39,101
44,2014,80,69,2,64,61,70,55
44,2015,62,69,25,64,51,61,101
44,2016,53,71,13,63,35,90,51
44,2017,62,71,38,66,31,60,86
44,2019,70,76,42,66,46,53,122
44,2020,66,65,32,62,38,35,79
44,2021,67,66,28,63,26,62,94
44,2022,47,71,33,66,15,85,100
44,2023,52,68,36,69,24,84,102
44,2024,57,73,29,71,21,78,111
45,2006,32,55,15,44,64,19,54
45,2007,55,71,55,57,54,14,47
45,2008,46,70,51,57,52,16,61
45,2009,33,78,57,65,63,24,64
45,2010,44,90,84,75,80,23,63
45,2011,83,98,94,83,58,28,100
45,2012,101,101,85,88,71,57,93
45,2013,91,97,81,91,81,60,90
45,2014,83,100,88,94,88,51,85
45,2015,91,98,86,95,127,100,87
45,2016,60,98,99,94,37,38,61
45,2017,51,102,63,95,28,42,75
45,2018,52,98,73,90,37,23,75
45,2019,62,101,89,93,56,37,88
45,2021,46,96,75,82,47,34,89
45,2022,60,106,105,83,48,51,95
45,2023,70,104,98,83,32,48,78
45,2024,61,106,97,90,46,44,95
46,2006,16,39,25,21,44,42,81
46,2011,63,80,60,45,55,74,107
46,2013,56,81,48,48,39,59,115
46,2014,70,88,47,50,43,69,97
46,2017,56,88,28,54,43,102,126
46,2019,36,88,52,56,34,111,125
46,2020,71,82,50,52,38,103,82
46,2021,61,83,54,55,87,95,104
46,2022,67,91,56,60,35,110,135
46,2024,67,91,54,64,68,110,134
47,2006,48,45,42,22,61,64,67
47,2007,50,59,72,26,67,68,89
47,2008,57,57,66,27,67,68,78
47,2009,44,62,70,25,67,67,69
47,2010,53,72,76,32,52,73,86
47,2011,41,75,97,31,63,94,70
47,2012,52,77,93,32,69,86,91
47,2013,50,71,77,31,80,75,92
47,2014,51,74,72,32,79,113,104
47,2015,60,74,79,33,53,98,108
47,2016,58,74,86,33,47,110,101
47,2017,63,77,69,32,62,113,130
47,2018,63,73,66,30,53,115,121
47,2019,58,79,82,32,71,106,118
47,2020,87,76,87,29,63,82,106
47,2021,64,72,67,30,61,100,103
47,2022,63,76,76,30,83,128,125
47,2023,63,75,84,30,86,102,134
47,2024,68,80,77,31,83,120,132
48,2006,41,37,18,30,17,30,30
48,2007,56,48,37,39,11,49,30
48,2008,68,49,42,42,23,62,28
48,2009,50,52,37,52,16,58,48
48,2010,82,60,55,65,28,78,50
48,2011,59,67,49,71,33,41,63
48,2012,91,67,49,74,35,81,33
48,2013,79,65,43,73,22,45,48
48,2014,66,66,38,77,15,75,54
48,2015,81,60,37,84,32,86,52
48,2016,81,61,44,84,29,93,37
48,2017,70,61,45,83,48,98,66
48,2018,72,57,56,80,40,104,54
48,2019,56,59,48,83,44,102,64
48,2020,82,55,67,78,50,95,26
48,2021,51,54,54,78,35,99,34
48,2022,81,58,77,81,47,109,31
48,2023,64,53,54,79,44,112,35
48,2024,69,59,64,88,38,113,34
49,2006,33,52,52,50,32,56,39
49,2007,36,67,64,63,33,45,44
49,2008,50,67,64,63,44,77,46
49,2009,31,73,54,71,32,53,33
49,2010,49,85,80,79,66,76,52
49,2011,46,92,80,86,59,64,71
49,2012,39,92,83,87,26,64,79
49,2013,53,89,72,84,28,75,62
49,2014,52,94,69,89,24,50,83
49,2015,52,90,66,88,26,65,100
49,2016,55,91,90,90,24,73,94
49,2017,65,94,92,92,36,97,89
49,2018,51,88,73,87,42,82,65
49,2019,68,94,93,92,43,84,108
49,2020,63,89,69,82,35,64,95
49,2021,68,89,77,85,34,90,74
49,2022,61,99,75,89,38,106,101
49,2023,71,98,85,88,60,101,122
49,2024,73,99,78,96,48,103,112
50,2006,44,40,22,36,59,67,69
50,2007,59,52,43,43,56,63,50
50,2008,51,53,50,40,65,79,46
50,2009,34,60,76,42,48,79,35
50,2010,47,70,64,48,63,74,56
50,2011,43,73,75,49,56,107,30
50,2012,45,72,80,48,38,88,34
50,2013,39,69,75,45,44,114,21
50,2014,48,72,65,45,81,120,31
50,2015,46,75,56,45,54,106,28
50,2016,38,77,67,44,40,61,56
50,2017,59,80,62,44,38,119,46
50,2018,42,78,61,40,39,85,89
50,2019,65,84,84,39,63,100,101
50,2020,74,80,71,36,53,107,91
50,2021,73,80,82,36,53,98,65
50,2022,65,88,73,35,85,106,118
50,2023,72,89,86,35,106,111,106
50,2024,74,89,85,37,86,111,97
51,2006,21,38,22,24,25,47,47
51,2007,25,49,21,29,28,57,59
51,2008,28,51,31,29,31,61,37
51,2009,27,55,34,29,40,59,53
51,2010,28,63,37,35,31,67,61
51,2011,32,68,32,33,52,78,82
51,2012,30,70,27,35,37,60,92
51,2013,26,66,34,34,29,79,98
51,2014,33,68,28,35,47,97,110
51,2015,31,65,40,34,62,102,86
51,2016,32,67,53,35,46,103,114
51,2017,44,67,32,35,55,117,123
51,2018,47,64,52,33,48,103,103
51,2019,35,68,59,35,67,118,107
51,2020,61,64,73,31,47,81,67
51,2021,80,62,80,32,74,91,81
51,2022,63,64,49,34,66,125,116
51,2023,67,63,68,34,63,119,118
51,2024,78,68,68,36,69,123,115
52,2005,7,24,7,18,14,2,12
52,2006,12,33,8,29,26,52,14
52,2008,27,39,18,37,53,100,40
52,2009,7,46,3,43,60,80,51
52,2010,5,51,16,55,51,100,43
52,2011,27,51,14,58,68,124,59
52,2012,16,53,15,63,42,123,36
52,2013,28,53,37,65,97,122,75
52,2014,41,77,30,68,117,122,82
52,2015,61,100,26,69,129,93,71
52,2016,120,123,38,69,134,76,108
52,2017,92,140,42,72,120,46,101
52,2018,92,135,45,71,122,33,88
52,2019,92,140,44,79,130,16,101
52,2020,103,70,69,77,109,50,72
52,2021,85,74,70,80,115,67,78
52,2022,59,80,33,87,82,72,83
52,2023,76,78,39,90,86,72,97
52,2024,79,143,55,94,114,36,91
53,2006,6,16,17,3,23,35,71
53,2007,13,18,30,3,52,15,62
53,2008,11,24,39,3,56,23,79
53,2009,5,22,8,4,78,17,88
53,2010,8,28,43,3,95,18,90
53,2011,4,27,36,3,82,23,101
53,2012,15,28,35,3,79,22,90
53,2013,10,26,29,4,65,21,80
53,2014,4,28,39,4,87,38,78
53,2015,11,29,52,5,76,35,62
53,2016,11,30,48,4,71,17,69
53,2017,8,31,24,4,82,21,79
53,2018,17,27,30,5,97,36,60
53,2019,9,31,11,5,60,28,55
53,2020,11,25,6,5,51,66,49
53,2021,3,24,24,6,54,71,42
53,2022,2,26,6,6,81,81,29
53,2023,21,24,4,6,71,31,26
53,2024,5,27,9,7,70,58,36
54,2006,19,2,18,15,33,78,4
54,2009,19,3,12,21,25,42,20
54,2010,21,3,37,25,66,62,14
54,2011,33,3,44,24,67,48,16
54,2012,34,4,46,25,6,49,37
54,2013,31,4,50,24,59,51,39
54,2014,38,9,78,24,64,57,44
54,2015,39,8,70,24,41,40,43
54,2016,47,12,66,25,42,89,41
54,2017,46,16,60,27,36,63,51
54,2019,48,21,72,28,49,89,57
54,2022,19,19,53,30,2,32,56
54,2023,8,17,34,32,29,34,53
54,2024,13,17,41,32,9,33,46
55,2006,10,1,29,35,11,54,2
55,2009,15,5,35,48,18,38,5
55,2010,15,4,27,58,16,37,6
55,2011,12,4,46,61,20,32,42
55,2012,13,5,54,63,10,49,37
55,2013,25,3,49,63,4,51,39
55,2014,27,4,78,66,64,57,44
55,2015,25,4,69,65,14,23,43
55,2016,18,4,65,65,5,27,41
55,2017,18,4,66,66,3,14,51
55,2018,23,4,61,62,7,41,44
55,2019,22,4,64,63,21,18,57
55,2020,28,3,62,59,10,37,41
55,2021,21,4,65,61,4,28,49
55,2022,20,4,89,63,12,27,56
55,2023,23,3,91,61,31,26,53
55,2024,22,4,83,67,14,28,21
56,2005,10,8,20,26,20,2,5
56,2007,8,12,22,59,70,43,22
56,2008,21,19,53,59,87,54,13
56,2009,29,17,14,67,66,78,9
56,2010,31,22,45,77,70,60,37
56,2011,23,18,69,82,104,99,42
56,2012,29,19,51,83,113,96,37
56,2013,30,17,64,81,90,83,39
56,2014,36,18,73,85,60,93,44
56,2015,34,16,72,84,42,76,43
56,2016,27,17,48,84,68,109,41
56,2017,36,21,64,83,69,102,51
56,2018,32,18,53,80,47,118,44
56,2019,26,23,33,83,34,115,57
56,2020,22,18,41,78,31,88,41
56,2021,31,18,53,78,18,105,49
56,2022,35,17,31,81,88,92,56
56,2023,14,16,40,79,94,65,53
56,2024,28,19,42,88,22,93,38
57,2009,40,12,25,51,6,34,11
57,2010,42,15,46,60,17,51,31
57,2011,94,15,29,59,28,70,17
57,2012,80,16,30,57,78,49,13
57,2013,23,12,41,54,35,51,12
57,2014,39,15,78,56,64,57,44
57,2015,42,17,58,56,34,33,43
57,2016,34,18,62,56,20,36,41
57,2017,39,17,56,60,23,26,51
57,2019,16,16,52,65,23,46,57
57,2020,38,15,58,63,8,25,41
57,2023,60,14,75,75,43,26,53
57,2024,62,76,90,83,77,62,56
58,2012,56,34,56,66,66,84,59
58,2015,59,54,48,72,67,93,43
58,2016,68,57,56,71,50,108,41
58,2017,66,50,74,72,79,83,32
58,2018,68,45,76,69,74,99,26
58,2019,83,53,78,73,88,91,35
58,2022,72,56,82,69,84,95,35
58,2023,58,78,93,66,84,72,28
58,2024,66,57,93,70,89,98,29
59,2010,60,66,78,51,89,108,19
59,2011,65,71,81,52,119,114,21
59,2012,59,75,60,54,104,114,25
59,2014,35,79,73,57,64,57,44
59,2016,73,76,105,57,81,57,41
59,2017,80,79,81,58,139,120,37
59,2018,91,77,85,55,128,101,53
59,2019,110,83,86,57,140,57,53
59,2020,70,77,52,53,112,92,36
59,2021,83,79,63,55,119,106,38
59,2022,80,87,92,58,139,96,23
59,2024,85,88,74,63,139,108,31
60,2008,80,60,76,65,98,67,83
60,2009,78,67,42,75,100,93,63
60,2010,71,79,61,87,114,89,80
60,2011,101,86,100,95,131,72,61
60,2012,96,85,104,96,131,63,58
60,2013,89,83,100,94,60,65,32
60,2014,101,89,109,97,105,55,42
60,2015,107,86,111,96,113,53,55
60,2016,109,85,109,97,107,72,66
60,2017,113,89,117,98,123,55,64
60,2018,99,84,99,91,127,71,116
60,2020,96,85,100,87,102,56,90
60,2021,86,87,91,84,116,65,111
60,2022,98,95,100,84,123,55,112
60,2023,84,96,97,84,124,88,110
60,2024,92,97,99,91,130,70,123
61,2005,27,18,24,16,27,2,21
61,2007,37,31,65,30,89,87,38
61,2008,59,36,88,32,97,93,41
61,2009,60,39,82,32,96,97,62
61,2010,59,46,86,40,102,106,57
61,2011,66,46,117,39,128,128,22
61,2012,67,49,100,41,123,125,28
61,2013,86,45,79,40,115,123,28
61,2014,62,44,51,41,104,77,56
61,2015,64,43,59,42,103,62,65
61,2016,74,44,55,42,112,83,53
61,2017,69,44,56,42,119,137,31
61,2018,83,42,64,41,133,112,76
61,2019,108,45,91,42,128,109,69
61,2020,92,39,54,39,116,89,55
61,2021,106,39,90,40,120,85,73
61,2022,93,41,71,42,137,131,72
61,2023,85,38,54,41,133,123,62
61,2024,98,41,81,44,140,125,79
62,2005,22,22,26,23,25,2,8
62,2007,43,39,79,47,83,38,65
62,2008,57,42,89,45,78,40,66
62,2011,98,57,126,62,53,14,24
62,2012,100,62,124,61,54,49,23
62,2013,71,62,115,62,70,16,25
62,2014,96,65,120,63,59,16,26
62,2015,96,66,127,62,64,27,33
62,2016,96,63,129,60,70,13,30
62,2017,101,63,111,61,100,11,40
62,2018,121,62,119,58,125,30,35
62,2019,96,72,116,58,131,15,47
62,2020,91,59,84,54,110,20,34
62,2021,95,60,86,55,114,21,60
62,2022,94,67,88,57,131,19,71
62,2023,97,64,76,58,127,10,70
62,2024,100,69,89,61,132,16,69
63,2006,53,60,55,41,80,35,61
63,2007,89,80,84,53,96,69,54
63,2008,88,79,87,53,99,69,35
63,2009,86,82,84,62,93,69,42
63,2010,84,94,70,71,106,88,41
63,2011,99,101,100,75,122,96,48
63,2012,97,97,82,76,115,108,34
63,2013,87,93,86,74,125,108,58
63,2014,95,97,96,78,100,117,71
63,2015,97,94,91,79,123,120,59
63,2016,89,95,79,80,121,113,74
63,2017,106,99,73,87,122,128,93
63,2018,111,96,79,84,115,106,84
63,2019,115,100,76,88,125,106,95
63,2022,99,80,64,91,117,72,97
63,2023,101,78,69,91,114,72,88
63,2024,103,76,90,83,77,62,56
64,2010,94,84,78,74,77,102,89
64,2011,72,91,68,79,109,121,95
64,2012,84,91,114,81,55,121,83
64,2013,70,88,121,79,110,120,55
64,2015,72,91,124,83,86,130,85
64,2016,71,92,118,84,55,131,31
64,2017,79,96,129,85,69,134,98
64,2018,98,92,132,82,76,128,94
64,2019,93,96,138,86,90,136,68
64,2020,95,90,114,81,60,113,66
64,2021,76,89,119,81,79,116,76
64,2022,106,101,132,85,69,139,85
64,2023,112,99,133,85,64,108,99
64,2024,107,100,138,93,74,136,93
65,2009,70,58,67,37,31,81,24
65,2010,67,69,53,45,84,95,34
65,2011,89,78,114,47,104,118,109
65,2012,106,80,120,49,108,116,110
65,2013,64,78,118,49,116,119,97
65,2014,93,82,116,48,114,129,61
65,2015,74,80,123,49,87,129,72
65,2016,103,83,113,49,117,117,71
65,2017,126,85,109,50,137,133,120
65,2018,105,81,107,50,116,119,92
65,2019,123,86,134,52,123,129,128
65,2020,99,81,95,50,105,111,96
65,2021,99,82,94,53,117,117,119
65,2022,115,90,98,56,136,136,132
65,2023,109,90,104,57,136,134,124
65,2024,115,90,106,60,137,139,139
66,2005,18,25,16,17,20,2,9
66,2007,38,50,41,31,62,76,14
66,2008,66,50,69,33,39,86,25
66,2009,35,52,30,35,35,65,27
66,2010,57,64,22,41,41,69,37
66,2011,54,69,47,42,71,103,42
66,2012,73,71,66,43,74,111,37
66,2013,68,72,55,42,84,97,39
66,2014,68,83,75,42,78,103,44
66,2015,66,84,64,43,70,78,43
66,2016,79,87,78,45,72,67,41
66,2017,97,90,78,45,84,111,51
66,2018,110,86,84,43,83,117,44
66,2019,116,90,90,44,102,117,57
66,2020,113,83,99,41,75,104,41
66,2021,114,85,95,44,75,108,25
66,2022,113,94,95,47,85,123,46
66,2023,121,93,100,49,89,120,31
66,2024,125,94,104,51,88,130,37
67,2005,25,26,21,25,15,2,13
67,2007,39,55,88,60,71,77,22
67,2008,77,55,77,60,39,76,84
67,2009,69,61,83,69,73,75,44
67,2010,86,71,91,79,108,79,66
67,2011,119,77,98,87,106,105,90
67,2012,117,83,101,89,127,101,96
67,2013,125,80,113,87,124,102,105
67,2014,88,85,126,92,115,110,52
67,2015,95,81,102,91,100,96,30
67,2016,99,82,82,92,109,112,81
67,2017,133,83,130,94,131,112,51
67,2018,127,80,101,88,112,123,44
67,2019,122,82,99,93,84,126,57
67,2020,106,72,104,86,79,89,41
67,2021,113,73,92,86,98,121,21
67,2022,122,75,97,89,97,134,56
67,2023,127,71,99,87,126,131,53
67,2024,127,81,99,96,118,138,20
68,2007,81,77,52,73,55,41,22
68,2009,76,85,81,84,64,57,52
68,2010,98,93,101,94,78,85,74
68,2011,130,106,119,99,94,111,50
68,2012,118,109,113,101,67,109,60
68,2013,105,106,109,99,114,112,96
68,2014,120,111,122,104,97,118,109
68,2015,132,116,112,103,112,109,80
68,2016,126,126,98,106,128,111,41
68,2017,139,136,89,109,130,100,51
68,2018,134,127,90,106,131,94,67
68,2019,127,132,61,114,126,89,82
68,2022,129,80,54,122,128,72,79
68,2023,133,78,72,126,130,72,75
68,2024,133,133,59,125,133,119,81
69,2005,21,21,25,19,23,2,25
69,2006,57,31,48,31,60,22,70
69,2008,79,40,79,38,90,43,91
69,2009,62,41,85,43,62,28,93
69,2010,73,48,103,52,70,31,107
69,2011,70,50,107,55,90,51,108
69,2012,102,53,107,56,94,61,88
69,2013,80,52,105,58,94,56,112
69,2014,75,57,102,62,100,72,127
69,2015,71,57,99,62,114,43,111
69,2016,79,58,75,62,108,51,94
69,2017,83,58,94,64,128,90,132
69,2018,85,55,72,60,124,76,122
69,2019,131,61,63,63,138,86,129
69,2020,116,63,115,60,114,101,99
69,2021,122,70,118,62,121,114,114
69,2022,139,74,134,64,138,117,124
69,2023,130,73,110,64,135,109,129
69,2024,142,79,136,68,141,125,132
70,2005,5,9,3,9,4,2,2
70,2007,7,10,3,10,9,3,8
70,2008,12,15,8,12,6,6,9
70,2010,6,16,6,14,4,8,7
70,2011,6,17,2,14,4,6,9
70,2012,14,17,7,16,5,10,7
70,2013,9,15,16,16,6,11,9
70,2014,9,18,17,17,12,9,12
70,2015,9,19,7,19,12,5,8
70,2016,8,19,10,19,11,9,9
70,2017,12,18,5,19,22,3,12
70,2018,11,14,8,20,17,13,13
70,2019,11,17,14,21,16,19,11
70,2020,12,14,20,22,26,7,15
70,2021,10,15,20,23,13,12,15
70,2022,12,16,11,25,46,28,19
70,2023,9,15,28,25,35,20,14
70,2024,10,16,19,26,31,20,16
71,2006,4,14,8,7,6,4,3
71,2007,2,15,2,13,12,9,4
71,2008,8,23,9,16,11,7,6
71,2010,13,25,1,19,6,12,5
71,2011,11,24,4,19,8,11,4
71,2012,12,25,17,22,19,9,3
71,2013,11,24,4,23,2,14,5
71,2014,7,24,10,25,10,7,5
71,2015,6,24,1,29,4,6,2
71,2016,10,25,16,29,9,7,5
71,2017,9,26,3,28,8,4,4
71,2018,8,22,4,26,4,18,4
71,2019,12,26,18,27,19,11,4
71,2020,9,21,13,25,18,24,7
71,2021,9,23,6,26,14,14,5
71,2022,14,25,5,28,54,24,5
71,2023,12,23,11,28,33,25,7
71,2024,11,26,5,28,33,18,7
72,2005,3,5,5,6,3,1,4
72,2007,4,8,59,8,2,10,5
72,2008,7,14,11,10,4,13,7
72,2009,4,13,4,9,5,9,7
72,2010,2,17,9,10,3,15,9
72,2011,5,16,18,11,3,12,11
72,2012,8,18,4,12,12,7,15
72,2013,1,15,11,13,13,7,8
72,2014,8,17,20,14,6,11,12
72,2015,7,20,11,15,9,13,13
72,2016,9,20,28,16,14,11,8
72,2017,7,19,15,16,7,18,10
72,2018,12,15,21,15,5,21,10
72,2019,15,18,26,16,19,23,13
72,2020,15,17,24,14,29,40,12
72,2021,14,17,17,15,20,17,9
72,2022,15,20,18,17,51,16,14
72,2023,17,19,27,17,53,19,13
72,2024,15,21,20,18,38,17,13
73,2006,5,7,2,19,9,35,11
73,2007,3,2,59,24,13,16,12
73,2008,10,4,5,30,18,15,20
73,2009,8,6,21,33,22,13,19
73,2010,14,5,20,41,26,13,25
73,2011,13,5,18,44,30,20,28
73,2012,17,6,35,46,39,17,30
73,2013,12,5,18,47,40,10,45
73,2014,12,7,31,48,28,18,38
73,2015,15,7,33,50,36,18,32
73,2016,21,7,43,53,77,20,38
73,2017,19,7,22,57,40,15,34
73,2018,20,7,35,56,54,19,36
73,2019,19,7,30,61,59,13,40
73,2020,14,5,20,61,44,43,33
73,2021,12,6,20,64,58,18,36
73,2022,24,7,31,71,96,23,41
73,2023,34,6,53,75,110,22,48
73,2024,23,7,31,75,91,23,47
74,2006,61,71,43,55,54,35,68
74,2007,71,87,68,69,93,7,72
74,2008,85,89,54,71,73,10,81
74,2009,73,95,62,80,72,35,95
74,2010,98,105,88,92,100,29,94
74,2011,129,114,105,97,121,56,120
74,2012,114,115,103,98,89,36,97
74,2013,95,111,97,95,73,22,93
74,2014,85,114,91,99,85,30,87
74,2015,94,112,97,98,72,17,75
74,2016,86,112,70,99,43,16,79
74,2017,100,115,77,101,52,28,69
74,2018,97,111,98,96,80,20,43
74,2019,77,113,99,100,77,10,42
74,2020,50,103,78,92,77,18,73
74,2021,97,106,98,94,56,29,64
74,2022,82,117,100,98,50,31,68
74,2023,88,115,92,97,83,23,82
74,2024,93,116,101,100,63,28,79
75,2005,23,27,27,27,26,2,19
75,2007,35,74,97,81,94,31,35
75,2008,87,78,102,82,101,28,57
75,2009,61,83,105,89,103,26,68
75,2010,48,97,113,100,116,9,73
75,2011,67,105,129,107,130,40,89
75,2012,73,106,126,111,130,20,80
75,2013,72,102,119,108,126,27,60
75,2014,65,105,129,112,120,26,34
75,2015,93,104,128,112,116,41,38
75,2016,63,102,124,113,114,34,61
75,2017,60,107,119,117,108,50,39
75,2018,70,103,114,113,76,34,71
75,2019,117,107,132,118,119,20,73
75,2020,102,97,112,104,82,47,81
75,2021,102,99,111,106,78,64,48
75,2022,97,109,127,118,90,72,117
75,2023,107,108,131,118,123,50,125
75,2024,108,110,133,120,105,67,102
76,2006,35,63,75,63,30,35,60
76,2007,58,79,94,79,39,59,60
76,2008,54,80,83,79,38,70,75
76,2009,84,84,98,86,58,52,75
76,2010,75,95,112,97,45,36,81
76,2011,105,102,127,103,36,64,105
76,2012,93,103,131,104,98,34,76
76,2013,100,99,126,100,64,29,73
76,2014,107,101,125,102,43,79,83
76,2015,112,97,122,101,66,59,60
76,2016,118,96,128,102,53,44,54
76,2017,130,100,134,105,34,75,74
76,2018,129,95,123,100,28,28,76
76,2019,138,99,135,103,46,22,66
76,2020,112,92,109,95,24,31,58
76,2021,118,93,114,97,33,47,58
76,2022,125,103,124,103,27,48,76
76,2023,104,101,121,102,26,37,74
76,2024,126,103,130,106,27,45,72
77,2006,66,46,46,46,48,25,51
77,2007,84,60,44,58,38,28,56
77,2008,86,58,55,56,25,21,60
77,2009,94,65,55,60,28,7,22
77,2010,110,74,74,68,58,11,47
77,2011,118,79,65,66,43,22,55
77,2012,115,79,70,65,43,21,75
77,2013,101,75,70,55,30,12,79
77,2014,113,75,81,54,27,10,67
77,2015,102,73,53,50,19,7,96
77,2017,118,74,74,50,62,37,101
77,2018,114,70,70,48,46,22,105
77,2019,126,75,80,50,66,44,112
77,2020,97,67,59,46,65,61,52
77,2021,111,69,70,49,76,73,90
77,2022,124,79,73,51,94,60,131
77,2023,129,88,83,51,89,57,135
77,2024,128,83,78,56,93,67,130
78,2006,67,66,79,57,73,26,37
78,2007,77,83,96,70,72,40,40
78,2008,62,84,99,70,77,64,48
78,2009,67,90,104,77,70,69,36
78,2010,78,100,114,84,78,59,49
78,2011,80,108,123,88,36,80,54
78,2012,92,108,125,86,81,76,49
78,2013,94,105,127,82,62,61,38
78,2014,97,107,127,82,73,104,65
78,2015,100,106,125,74,44,91,39
78,2016,100,105,119,75,27,102,25
78,2017,121,109,112,79,30,58,25
78,2018,112,101,111,75,25,67,34
78,2019,90,103,126,80,28,78,29
78,2020,78,93,90,75,76,58,40
78,2021,109,94,120,76,22,39,54
78,2022,133,104,138,79,38,99,25
78,2023,124,102,136,79,15,67,67
78,2024,129,104,141,86,25,71,48
79,2008,99,97,100,93,47,19,70
79,2009,89,100,102,97,58,15,61
79,2010,81,107,116,110,86,22,30
79,2011,128,122,128,119,125,18,37
79,2012,127,120,130,123,118,13,53
79,2013,124,117,128,119,108,31,70
79,2014,132,120,130,125,125,32,103
79,2015,119,119,129,124,133,39,107
79,2016,116,122,130,127,130,45,61
79,2017,140,126,139,132,140,96,140
79,2018,135,123,134,129,135,80,132
79,2019,140,130,140,132,139,94,135
79,2021,121,120,121,118,122,96,122
79,2022,140,80,140,133,140,72,51
79,2023,138,78,138,133,138,72,52
79,2024,143,135,143,136,143,108,90
80,2006,13,3,28,1,35,15,24
80,2007,14,1,13,2,15,8,1
80,2008,24,1,43,2,57,40,1
80,2009,30,2,41,2,33,62,1
80,2010,26,2,51,2,21,55,1
80,2011,28,2,32,2,45,103,1
80,2013,29,2,71,2,31,25,2
80,2014,13,2,67,2,37,24,1
80,2015,21,2,49,2,24,29,1
80,2016,40,2,27,2,17,21,1
80,2017,28,2,41,2,12,25,1
80,2018,30,2,37,2,17,72,1
80,2019,34,2,26,2,10,50,1
80,2021,24,1,46,2,29,45,1
80,2022,38,3,67,3,36,47,56
80,2023,28,78,17,3,47,72,1
80,2024,30,3,42,4,34,53,1
81,2006,56,53,61,47,21,23,52
81,2007,57,69,63,61,17,55,69
81,2008,81,69,62,62,20,30,52
81,2009,75,75,78,70,12,44,47
81,2010,76,87,81,82,12,40,59
81,2011,79,94,87,89,21,31,62
81,2012,82,94,74,91,14,39,50
81,2013,81,91,54,90,16,45,52
81,2014,69,95,76,93,18,73,63
81,2015,63,92,57,92,15,80,52
81,2016,69,93,77,93,15,88,60
81,2017,71,95,61,96,12,107,38
81,2018,56,90,65,93,16,89,40
81,2019,38,92,69,97,22,81,65
81,2020,84,87,79,90,14,87,41
81,2021,56,88,85,92,16,72,40
81,2022,55,98,79,100,6,122,66
81,2023,53,95,81,100,9,93,72
81,2024,53,98,87,102,10,104,62
82,2006,37,54,34,38,12,41,24
82,2007,40,68,36,49,4,34,28
82,2008,43,68,59,47,12,18,44
82,2009,56,74,61,56,21,65,54
82,2010,64,86,87,64,25,56,36
82,2011,47,93,34,68,47,29,40
82,2012,60,92,88,71,28,98,72
82,2013,78,90,89,69,9,66,55
82,2014,82,93,87,71,64,74,44
82,2015,80,89,60,70,77,44,43
82,2016,87,88,56,68,19,106,66
82,2017,82,91,80,70,93,56,51
82,2018,77,85,71,68,20,68,80
82,2019,75,87,67,72,6,113,77
82,2020,68,79,83,68,8,33,64
82,2021,70,81,76,71,21,38,70
82,2022,40,86,46,75,1,129,42
82,2023,44,87,62,73,3,123,32
82,2024,54,87,66,79,3,107,52
83,2006,25,35,33,23,16,3,78
83,2007,30,43,23,27,14,2,75
83,2008,36,47,47,30,19,1,95
83,2009,46,49,31,30,14,1,80
83,2010,35,56,35,36,18,1,96
83,2011,25,60,41,35,11,4,112
83,2012,32,60,32,37,33,2,114
83,2013,36,57,17,37,48,2,113
83,2014,15,59,14,37,19,2,121
83,2015,37,58,49,38,25,7,122
83,2016,39,59,35,40,10,3,105
83,2017,53,59,54,41,16,13,127
83,2018,45,56,51,41,23,8,122
83,2019,54,60,37,43,31,4,120
83,2020,53,54,53,40,47,5,111
83,2021,65,56,41,42,46,4,121
83,2022,53,59,57,43,33,8,119
83,2023,48,56,48,44,12,5,125
83,2024,58,61,49,46,31,5,137
84,2006,22,26,45,33,19,10,23
84,2007,23,33,29,38,18,30,36
84,2008,32,34,61,39,34,40,71
84,2009,52,38,73,45,12,46,66
84,2010,56,45,64,52,50,40,70
84,2011,45,48,92,54,35,54,80
84,2012,47,51,59,55,32,46,84
84,2013,52,47,59,55,41,13,50
84,2014,47,49,51,60,45,13,89
84,2015,35,48,73,59,94,15,82
84,2018,75,43,90,64,36,16,119
84,2019,79,46,72,69,17,17,74
84,2020,48,43,73,65,34,27,48
84,2021,52,44,79,68,30,13,63
84,2022,50,45,81,74,5,20,80
84,2023,68,42,89,75,1,28,65
84,2024,59,46,88,78,8,18,75
85,2006,46,50,65,53,51,2,75
85,2007,54,64,86,66,74,6,95
85,2008,70,61,85,66,80,20,103
85,2009,47,69,76,74,30,16,82
85,2010,61,78,72,84,68,2,108
85,2011,71,85,70,90,25,2,127
85,2012,65,86,63,92,51,4,131
85,2013,63,84,80,88,48,4,128
85,2014,61,87,29,91,81,3,132
85,2015,82,83,77,90,65,2,130
85,2016,84,84,93,91,47,2,108
85,2017,88,84,86,93,41,2,131
85,2018,74,79,82,89,32,1,112
85,2019,82,81,87,95,50,2,111
85,2020,94,75,85,88,43,1,109
85,2021,74,77,68,90,28,1,88
85,2022,77,78,70,95,22,2,114
85,2023,79,74,87,94,26,1,116
85,2024,80,83,75,98,24,2,117
86,2006,43,59,58,62,7,1,17
86,2007,42,75,66,78,15,1,9
86,2008,63,76,58,78,14,2,17
86,2011,102,96,118,101,22,1,18
86,2012,88,96,111,102,58,14,37
86,2017,107,97,113,104,31,42,21
86,2018,101,93,112,98,21,15,24
86,2019,85,97,112,102,24,38,26
86,2020,77,88,106,94,20,17,49
86,2021,91,91,104,96,7,53,29
86,2022,95,102,115,102,28,46,44
86,2023,83,100,112,101,21,42,49
86,2024,94,102,116,104,18,50,48
87,2012,107,112,121,102,75,1,27
87,2013,107,108,92,98,51,1,20
87,2014,92,109,97,101,26,1,22
87,2015,115,108,95,100,49,1,23
87,2016,97,108,92,101,26,1,19
87,2017,125,110,87,102,34,1,23
87,2018,116,106,97,97,22,2,27
87,2019,119,110,102,101,30,1,32
87,2020,108,98,75,93,54,2,29
87,2021,107,104,83,95,112,2,31
87,2022,112,116,103,101,126,1,49
87,2023,117,114,111,99,118,2,42
87,2024,118,115,103,103,128,1,43
88,2006,81,70,62,61,36,7,49
88,2007,88,86,91,75,21,25,68
88,2008,84,88,92,75,7,39,73
88,2009,98,94,59,83,3,18,102
88,2010,105,104,106,93,2,4,88
88,2011,120,112,113,98,11,3,60
88,2012,125,114,122,99,1,11,102
88,2013,121,110,117,96,3,19,62
88,2014,122,112,114,98,7,14,88
88,2015,116,110,103,97,2,21,78
88,2016,107,109,106,98,2,41,89
88,2017,109,113,100,100,2,38,90
88,2018,88,108,87,95,3,45,44
88,2019,98,112,104,99,4,55,93
88,2020,110,102,93,91,2,38,93
88,2021,98,103,93,93,1,63,87
88,2022,116,114,91,99,8,29,113
88,2023,123,112,95,98,2,50,83
88,2024,119,114,98,101,1,50,106
89,2011,56,54,83,74,33,15,82
89,2014,59,52,92,74,39,22,106
89,2016,61,52,72,74,54,23,111
89,2017,42,53,31,81,21,39,88
89,2018,55,49,33,78,40,76,64
89,2019,42,50,32,85,32,75,86
89,2020,47,48,39,80,45,60,53
89,2021,58,51,38,82,65,73,68
89,2022,73,51,40,88,67,94,74
89,2023,77,48,51,89,71,82,73
89,2024,70,53,44,95,70,87,76
90,2006,42,34,20,81,65,65,24
90,2007,51,44,67,94,48,82,58
90,2008,48,46,57,100,42,83,65
90,2009,59,50,38,102,47,89,80
90,2010,89,59,23,112,57,110,53
90,2011,84,64,58,123,38,108,69
90,2012,72,65,31,125,103,111,77
90,2013,122,64,56,118,77,85,61
90,2014,89,67,41,120,51,108,79
90,2015,89,67,35,117,30,109,92
90,2016,94,69,58,117,68,90,76
90,2017,111,70,58,122,77,104,113
90,2018,100,69,67,118,86,68,93
90,2019,94,73,67,119,98,112,90
90,2020,89,68,40,105,89,59,106
90,2021,66,68,19,107,98,108,108
90,2022,78,72,40,117,106,103,132
90,2023,95,69,65,114,97,113,115
90,2024,83,74,38,119,106,120,129
91,2008,98,74,98,86,89,85,31
91,2011,108,97,121,112,74,98,76
91,2012,124,98,119,116,50,102,65
91,2013,111,96,111,111,71,90,48
91,2014,117,99,115,114,99,112,75
91,2015,98,101,117,113,34,107,83
91,2016,119,106,127,115,64,96,59
91,2017,94,112,127,119,80,108,67
91,2018,69,109,125,115,107,85,42
91,2019,84,115,131,119,118,74,53
91,2020,85,106,111,106,88,57,37
91,2021,92,110,115,109,85,79,44
91,2022,70,123,118,121,113,62,68
91,2023,98,121,130,120,115,97,60
91,2024,89,122,131,123,109,85,61
92,2006,60,84,38,83,55,29,32
92,2007,68,98,74,97,64,34,57
92,2008,74,103,70,102,92,48,63
92,2011,81,130,75,129,93,59,35
92,2015,106,131,113,133,46,38,22
92,2017,123,137,121,139,65,68,35
92,2018,109,133,106,134,26,41,31
92,2019,105,138,110,138,48,33,32
92,2021,84,122,102,122,43,50,24
92,2022,102,139,110,139,31,58,38
92,2023,78,137,105,138,44,49,39
92,2024,90,141,111,142,41,56,34
93,2011,116,61,120,109,65,120,85
93,2012,121,63,102,112,109,118,70
93,2013,115,59,99,106,86,103,58
93,2014,121,62,66,110,112,124,60
93,2015,99,63,94,108,95,123,103
93,2016,92,64,96,110,102,126,79
93,2017,98,65,81,113,118,135,119
93,2018,103,66,93,110,101,120,86
93,2019,106,69,102,113,99,127,103
93,2020,90,62,101,103,115,110,61
93,2021,87,65,88,104,101,118,61
93,2022,92,70,94,114,112,126,87
93,2023,93,67,96,113,109,125,96
93,2024,95,72,96,116,115,134,87
94,2009,96,86,97,100,38,87,78
94,2013,117,103,104,123,65,62,26
94,2014,126,106,110,127,54,96,33
94,2015,108,105,107,125,56,82,43
94,2016,101,104,125,125,73,70,52
94,2017,93,108,125,129,99,95,70
94,2018,78,105,125,123,104,64,66
94,2019,80,108,122,127,99,64,84
94,2020,80,96,110,109,79,45,56
94,2021,88,98,117,112,93,69,39
94,2022,101,107,133,125,106,82,55
94,2023,91,105,123,123,92,100,38
94,2024,96,107,135,127,103,89,50
95,2011,122,123,125,121,54,34,41
95,2012,129,123,126,126,86,56,62
95,2013,112,119,123,124,82,28,66
95,2014,130,122,122,129,93,55,40
95,2015,131,122,126,129,98,56,55
95,2016,130,119,115,130,91,76,68
95,2017,95,122,132,135,97,51,60
95,2018,79,118,124,130,94,26,62
95,2019,109,122,127,134,117,26,67
95,2020,88,110,92,115,111,30,63
95,2021,90,112,107,120,103,26,68
95,2022,85,124,130,135,100,35,75
95,2023,102,122,128,134,98,20,81
95,2024,97,123,131,138,111,27,84
96,2006,65,67,67,64,45,60,44
96,2007,73,84,79,80,46,48,49
96,2008,73,85,70,80,75,58,68
96,2009,91,93,66,88,80,55,87
96,2010,96,103,93,99,48,81,72
96,2011,127,113,124,105,92,109,93
96,2012,128,116,108,107,81,72,86
96,2013,123,112,67,102,100,72,75
96,2014,109,115,57,105,91,86,37
96,2015,101,113,108,105,84,105,57
96,2016,98,113,69,105,84,97,64
96,2017,102,117,103,108,113,76,91
96,2018,104,114,105,103,119,74,76
96,2019,73,117,118,107,89,65,81
96,2020,98,106,108,98,68,62,91
96,2021,94,108,105,99,80,56,77
96,2022,100,119,123,107,87,57,111
96,2023,94,117,114,106,70,59,103
96,2024,99,118,120,109,85,59,107
97,2006,54,57,70,71,65,20,64
97,2007,64,73,79,88,68,22,79
97,2008,65,75,65,91,82,25,77
97,2009,71,79,93,95,86,30,83
97,2010,80,89,69,107,93,34,94
97,2012,62,99,73,119,84,34,111
97,2013,88,94,116,116,104,35,102
97,2015,86,96,76,120,93,69,124
97,2016,82,99,85,121,62,46,122
97,2017,78,104,108,127,64,28,95
97,2018,79,104,102,125,71,55,111
97,2019,124,109,111,130,94,51,116
97,2020,65,99,90,114,98,28,108
97,2021,103,101,89,117,90,48,115
97,2022,87,112,90,130,78,26,137
97,2023,100,111,87,132,111,17,122
97,2024,102,112,95,134,99,32,138
98,2006,73,64,76,77,63,46,73
98,2007,85,81,82,91,63,56,77
98,2008,90,83,82,97,83,73,98
98,2009,79,89,92,99,55,50,89
98,2010,92,101,94,112,39,51,83
98,2011,110,109,106,126,48,61,93
98,2012,113,110,98,129,53,71,108
98,2013,104,107,88,125,37,63,88
98,2014,114,110,95,130,50,94,96
98,2015,83,109,116,128,62,50,104
98,2016,93,110,116,129,95,59,106
98,2017,91,114,117,134,83,70,101
98,2018,81,110,117,127,60,46,115
98,2019,104,114,114,129,109,60,89
98,2020,81,104,94,111,104,41,84
98,2021,89,107,99,113,95,80,90
98,2022,104,118,121,125,120,65,108
98,2023,99,116,101,122,100,90,112
98,2024,104,117,113,127,111,83,114
99,2007,65,58,49,84,31,75,53
99,2014,98,84,101,115,32,122,66
99,2017,115,87,71,120,74,130,93
99,2018,102,83,54,116,85,110,97
99,2019,118,89,69,122,96,122,121
99,2020,107,84,88,107,106,85,70
99,2021,101,84,74,109,109,111,80
99,2022,96,92,85,120,118,114,108
99,2023,96,91,59,119,121,114,121
99,2024,106,92,73,122,123,124,112
100,2006,77,83,78,72,36,21,30
100,2007,87,97,78,87,77,60,27
100,2008,92,102,95,90,58,63,34
100,2009,93,104,79,93,10,46,10
100,2010,108,116,111,106,30,56,16
100,2011,106,131,75,116,60,69,14
100,2012,126,130,110,118,63,82,54
100,2013,118,127,108,113,32,81,33
100,2014,116,132,103,119,92,85,23
100,2015,127,132,105,117,83,67,34
100,2016,114,133,114,119,99,60,77
100,2017,108,138,136,124,115,68,72
100,2018,86,134,129,120,69,51,25
100,2019,97,139,123,123,62,49,48
100,2022,108,138,129,124,70,63,52
100,2023,106,136,120,124,82,64,53
100,2024,109,140,127,125,83,66,59
101,2006,76,80,60,74,74,31,41
101,2007,92,93,69,89,78,61,52
101,2008,97,95,78,95,75,80,72
101,2010,109,113,89,109,90,61,46
101,2011,96,124,115,117,81,89,32
101,2012,123,125,97,120,93,83,32
101,2013,128,122,94,115,63,57,54
101,2014,128,126,105,121,86,65,70
101,2015,109,124,106,119,100,58,31
101,2016,117,125,103,120,111,58,33
101,2017,104,128,91,125,126,81,43
101,2018,95,124,121,121,100,56,52
101,2019,111,128,121,125,120,58,48
101,2020,101,115,105,110,91,23,68
101,2021,96,115,103,114,111,44,45
101,2023,114,127,127,127,113,39,29
101,2024,110,129,125,130,121,47,40
102,2007,90,70,90,77,80,67,10
102,2008,91,71,86,77,81,53,56
102,2009,85,76,58,85,49,33,60
102,2010,79,91,57,96,74,38,33
102,2011,96,99,103,102,112,33,47
102,2012,95,102,94,105,121,66,29
102,2013,106,98,96,101,105,82,23
102,2014,104,102,58,103,130,87,21
102,2015,121,99,47,102,131,46,37
102,2016,106,100,95,103,133,120,90
102,2017,103,103,92,106,136,115,71
102,2018,119,99,83,101,134,91,37
102,2019,129,102,88,106,129,96,55
102,2022,103,110,117,106,127,87,32
102,2023,121,106,125,104,132,68,36
102,2024,111,108,123,107,134,75,33
103,2017,127,130,116,116,72,35,19
103,2018,96,126,114,112,101,3,31
103,2019,87,129,117,117,121,3,82
103,2022,114,132,128,116,129,4,125
103,2023,103,128,118,116,108,3,111
103,2024,112,130,126,118,126,3,123
104,2006,82,77,72,78,84,32,83
104,2007,91,92,97,92,98,52,66
104,2008,77,96,97,99,88,34,97
104,2009,103,101,99,104,102,36,91
104,2010,114,112,99,114,105,43,78
104,2011,112,125,73,127,117,39,97
104,2012,119,126,116,130,112,70,98
104,2013,126,123,103,126,121,67,95
104,2014,129,125,108,131,118,92,107
104,2015,113,125,96,131,130,65,111
104,2016,121,128,126,132,129,43,83
104,2017,110,132,125,138,125,54,78
104,2018,113,129,131,133,116,48,55
104,2019,125,135,128,137,137,40,98
104,2022,111,137,107,137,119,17,88
104,2023,108,135,124,137,129,33,66
104,2024,113,139,119,140,131,25,81
105,2006,69,62,25,68,72,50,62
105,2007,78,78,41,83,36,39,36
105,2008,96,81,52,85,72,55,82
105,2009,92,87,74,91,79,25,83
105,2010,100,98,81,102,82,47,97
105,2011,111,107,62,111,83,41,112
105,2012,104,107,65,114,92,38,115
105,2013,116,104,66,109,78,17,85
105,2014,86,108,100,111,40,23,91
105,2015,110,107,85,111,60,19,92
105,2016,110,107,112,112,83,5,85
105,2017,112,110,110,114,49,10,109
105,2018,108,107,110,109,57,5,95
105,2019,113,111,124,112,69,5,80
105,2020,105,101,103,102,101,6,84
105,2021,104,102,96,103,102,3,85
105,2022,109,113,111,112,111,9,123
105,2023,110,110,103,111,103,6,84
105,2024,114,113,110,114,113,6,107
106,2006,83,68,83,67,75,45,38
106,2008,100,87,101,84,50,50,54
106,2011,125,115,131,113,63,100,84
106,2012,131,117,129,117,52,94,67
106,2013,127,113,122,112,46,84,81
106,2014,131,116,132,116,57,98,94
106,2015,129,115,133,115,80,64,89
106,2016,124,115,134,118,66,81,87
106,2017,96,119,140,123,103,83,68
106,2018,58,116,135,119,104,53,50
106,2019,101,120,139,123,86,62,38
106,2020,109,108,116,108,72,76,18
106,2021,100,109,122,111,91,77,23
106,2022,118,120,139,127,105,93,21
106,2023,116,118,137,125,75,107,22
106,2024,116,119,142,129,97,94,24
107,2006,78,76,67,76,41,55,45
107,2007,82,90,39,90,43,46,70
107,2008,82,93,56,94,84,64,57
107,2009,81,99,46,94,38,54,57
107,2010,103,110,67,104,36,54,75
107,2011,93,121,44,114,78,38,73
107,2012,110,122,48,115,85,32,77
107,2013,119,118,43,110,54,35,68
107,2014,124,121,69,113,38,54,113
107,2015,114,119,98,108,75,30,106
107,2016,115,120,104,109,86,25,71
107,2017,131,125,106,111,81,45,87
107,2018,118,120,103,106,95,31,105
107,2019,103,124,85,110,114,14,92
107,2020,100,113,72,100,103,15,98
107,2021,108,114,80,101,96,41,83
107,2022,110,127,93,109,103,37,97
107,2023,113,125,70,108,52,53,132
107,2024,117,126,85,111,90,41,119
108,2006,63,65,71,66,18,9,48
108,2007,49,82,76,82,9,21,29
108,2008,64,82,91,83,24,25,61
108,2009,95,88,100,90,40,42,73
108,2010,90,99,98,101,13,30,83
108,2011,53,104,111,108,31,43,64
108,2012,78,104,112,110,80,42,108
108,2013,83,101,112,105,37,74,94
108,2014,123,104,118,107,95,63,118
108,2015,118,103,110,107,33,72,129
108,2016,104,103,120,108,80,33,113
108,2017,73,106,123,111,78,41,97
108,2018,93,101,100,108,59,34,97
108,2019,102,105,109,111,78,21,108
108,2020,75,94,107,101,55,8,89
108,2021,105,97,106,102,88,37,106
108,2022,120,108,122,111,74,40,134
108,2023,120,107,117,110,59,44,128
108,2024,120,109,121,113,76,39,134
109,2007,96,94,93,85,27,25,31
109,2008,93,100,92,88,45,60,55
109,2010,102,114,68,104,29,65,62
109,2014,99,129,111,123,113,81,101
109,2015,133,127,119,125,95,83,117
109,2016,133,131,121,124,75,50,119
109,2017,116,134,120,128,98,64,116
109,2018,123,131,108,122,81,40,112
109,2019,89,137,113,125,112,43,93
109,2022,121,136,126,123,98,30,92
109,2023,111,133,122,121,111,60,101
109,2024,121,137,128,124,104,41,100
110,2006,70,73,66,73,77,63,33
110,2008,95,91,74,92,93,51,85
110,2009,101,97,90,96,69,40,49
110,2010,113,108,97,108,56,58,57
110,2011,104,120,85,117,43,87,36
110,2012,109,124,71,121,68,89,57
110,2013,120,120,68,117,89,69,50
110,2014,119,123,60,122,103,82,30
110,2015,104,121,64,121,107,86,63
110,2016,123,121,72,122,103,84,97
110,2017,99,124,105,126,90,86,112
110,2018,115,120,113,124,93,62,67
110,2019,100,125,107,128,122,67,103
110,2020,111,114,113,112,107,70,102
110,2021,110,117,113,115,104,69,112
110,2022,119,131,119,128,60,90,61
110,2023,118,130,119,128,78,94,80
110,2024,122,132,124,131,91,89,89
111,2006,71,78,74,65,36,53,24
111,2008,76,94,67,81,102,80,39
111,2011,113,127,75,106,115,71,103
111,2012,130,127,116,109,121,79,87
111,2013,114,125,114,104,122,58,90
111,2014,125,130,117,107,123,76,67
111,2015,130,129,115,108,126,74,99
111,2016,129,130,106,111,124,84,100
111,2017,129,133,133,115,132,71,104
111,2018,124,130,120,111,132,53,118
111,2019,121,134,115,115,135,60,45
111,2022,123,134,119,115,134,54,52
111,2023,115,132,108,114,134,43,78
111,2024,123,135,117,117,138,49,69
112,2006,84,79,84,70,70,48,57
112,2008,103,98,103,89,103,72,94
112,2011,132,126,132,115,108,82,75
112,2014,133,127,133,118,98,102,69
112,2015,124,123,132,116,68,95,41
112,2016,125,124,133,116,88,64,78
112,2017,117,129,138,121,104,81,42
112,2018,126,125,130,117,121,60,81
112,2019,128,131,137,119,132,45,52
112,2021,112,116,112,108,113,53,61
112,2022,117,129,131,119,116,70,45
112,2023,119,126,132,116,122,106,41
112,2024,124,128,134,121,127,81,55
113,2012,103,128,118,108,48,74,37
113,2013,99,124,120,103,79,55,47
113,2014,102,128,121,106,89,41,38
113,2015,105,126,120,104,52,31,19
113,2016,113,127,109,104,84,48,29
113,2017,124,127,107,107,104,57,64
113,2018,117,122,103,102,91,44,71
113,2019,130,127,108,105,91,42,51
113,2020,104,112,63,97,81,11,59
113,2022,127,126,104,104,121,5,81
113,2023,125,124,113,102,125,16,84
113,2024,130,125,109,105,129,7,85
114,2006,72,75,63,69,28,48,15
114,2007,86,89,85,86,41,51,17
114,2008,89,92,68,87,85,14,93
114,2009,105,98,48,92,75,5,79
114,2010,116,109,75,103,88,20,82
114,2011,121,118,42,110,76,66,67
114,2012,120,121,64,113,105,16,100
114,2013,113,116,72,106,96,33,84
114,2014,127,119,89,109,102,31,104
114,2015,128,118,82,106,73,28,118
114,2016,134,117,122,107,67,14,38
114,2017,138,121,114,110,75,32,28
114,2018,132,117,118,105,65,12,21
114,2019,133,121,119,109,54,25,23
114,2020,114,111,89,99,52,4,17
114,2021,116,113,108,100,52,35,19
114,2022,128,125,125,108,43,38,22
114,2023,126,123,116,107,46,36,24
114,2024,131,124,122,110,51,37,22
115,2009,104,91,101,87,88,63,54
115,2010,112,102,103,98,99,49,35
115,2011,126,111,112,104,124,79,38
115,2012,122,113,106,106,117,97,22
115,2018,128,115,125,104,130,29,69
115,2019,114,119,130,108,136,34,70
115,2022,130,122,137,110,135,88,50
115,2023,130,120,134,109,137,71,44
115,2024,132,121,140,112,142,80,52
116,2006,47,69,59,79,49,44,36
116,2007,93,85,87,93,53,66,93
116,2008,72,86,90,98,48,35,74
116,2009,58,92,75,101,56,72,86
116,2011,77,110,53,125,89,50,99
116,2012,81,111,84,128,45,48,67
116,2013,65,109,86,122,52,92,36
116,2014,110,113,112,126,42,71,76
116,2015,92,111,109,123,73,71,105
116,2016,111,111,102,123,57,29,55
116,2017,132,116,103,130,65,23,48
116,2018,125,112,109,126,69,39,83
116,2019,137,118,129,130,73,30,98
116,2020,93,109,82,113,91,35,70
116,2021,120,110,108,116,48,30,78
116,2022,126,121,108,129,30,82,47
116,2023,128,119,115,129,48,45,93
116,2024,134,120,118,132,42,53,83
117,2011,90,90,66,131,102,73,110
117,2018,122,91,95,135,106,113,33
117,2019,120,95,104,139,134,123,46
117,2022,131,97,109,138,133,120,77
117,2024,134,96,107,141,136,130,77
118,2006,74,82,82,82,34,11,16
118,2007,63,96,92,96,5,17,15
118,2009,65,103,94,103,11,19,21
118,2011,123,129,122,122,78,30,86
118,2012,111,129,123,122,90,23,99
118,2013,109,126,124,114,58,34,83
118,2014,100,131,131,117,53,47,81
118,2015,123,130,131,113,54,52,81
118,2016,132,132,132,114,58,47,84
118,2017,137,135,137,118,51,58,47
118,2018,133,132,133,114,66,41,58
118,2019,132,136,136,116,87,66,31
118,2021,117,121,116,105,82,75,47
118,2022,134,135,135,113,91,68,65
118,2023,137,134,135,111,101,69,60
118,2024,136,138,139,115,96,74,62
119,2006,50,32,36,75,22,74,22
119,2008,45,44,47,96,21,92,49
119,2010,115,61,50,111,27,94,60
119,2011,131,65,55,120,51,129,67
119,2012,89,69,62,124,44,118,71
119,2013,108,61,52,120,53,103,46
119,2014,118,63,56,124,52,98,43
119,2015,125,68,74,122,31,103,98
119,2016,131,66,100,125,36,130,35
119,2017,136,64,99,131,68,137,45
119,2018,131,61,87,128,58,129,79
119,2019,135,64,97,132,61,133,79
119,2022,132,65,102,134,95,135,93
119,2023,136,62,105,135,99,137,93
119,2024,137,65,105,137,97,142,93
120,2006,75,74,54,84,83,62,71
120,2007,98,91,49,98,90,63,92
120,2008,101,99,44,103,100,70,102
120,2009,99,102,69,105,101,61,91
120,2010,85,111,57,116,76,79,67
120,2011,92,119,52,130,95,76,73
120,2012,85,119,42,131,124,89,89
120,2013,93,115,76,128,109,87,72
120,2014,115,118,99,132,107,88,79
120,2015,126,117,101,130,97,104,67
120,2016,128,118,100,131,87,90,34
120,2017,135,123,101,136,90,87,61
120,2018,130,119,96,131,82,65,95
120,2019,139,126,104,135,127,69,97
120,2020,115,116,97,116,108,47,61
120,2021,119,118,100,121,107,94,58
120,2022,135,130,113,136,125,104,64
120,2023,132,129,107,135,104,105,69
120,2024,138,131,115,139,119,105,65
121,2009,100,105,90,98,81,48,50
121,2011,107,132,104,124,97,58,88
121,2012,99,131,90,127,114,69,69
121,2013,98,128,60,121,122,49,105
121,2014,108,133,67,127,119,53,77
121,2015,122,133,90,127,120,76,102
121,2016,102,134,61,128,113,63,104
121,2017,119,139,122,132,110,44,85
121,2022,136,140,116,130,122,49,97
121,2023,135,138,129,131,120,29,105
121,2024,139,142,129,133,122,38,105
122,2006,80,81,81,80,57,18,50
122,2007,97,95,88,95,40,11,50
122,2008,102,101,96,101,49,22,88
122,2010,106,115,76,115,61,46,93
122,2011,109,128,90,128,66,47,87
122,2013,97,121,105,127,75,78,81
122,2014,103,124,50,133,94,48,62
122,2015,87,128,121,132,110,47,78
122,2016,95,129,117,133,105,30,99
122,2017,128,131,128,137,109,40,105
122,2018,120,128,122,132,103,25,105
122,2019,136,133,133,136,105,32,118
122,2021,115,119,110,119,109,36,92
122,2022,138,133,136,132,124,43,114
122,2023,134,131,126,129,119,41,116
122,2024,140,134,137,135,124,40,120
123,2011,87,117,71,132,101,82,58
123,2016,127,116,88,134,90,101,40
123,2017,134,120,98,140,88,105,81
123,2019,134,123,92,140,106,102,131
123,2022,137,127,112,140,110,111,90
123,2024,141,127,114,143,109,117,92
124,2006,1,10,2,11,1,42,1
124,2008,2,10,6,19,3,44,2
124,2010,7,14,14,20,7,28,9
124,2011,8,14,10,19,7,27,6
124,2012,7,20,19,20,9,57,6
124,2013,5,19,8,17,11,39,4
124,2014,5,21,5,18,9,66,4
124,2015,5,21,8,17,10,34,5
124,2016,1,22,4,18,6,65,4
124,2017,1,21,2,18,3,60,3
124,2018,1,17,2,17,11,96,3
124,2019,1,20,19,18,7,73,3
124,2020,1,16,4,19,3,91,1
124,2021,1,16,2,20,2,85,4
124,2022,1,18,2,23,3,41,1
124,2023,1,18,6,24,4,81,3
124,2024,1,18,2,24,2,69,3
125,2005,1,1,2,13,1,2,1
125,2007,1,3,5,15,1,13,2
125,2008,1,7,3,21,1,11,3
125,2009,1,8,5,18,1,8,2
125,2010,1,10,2,22,1,14,2
125,2011,1,10,3,21,8,9,2
125,2012,5,11,3,22,7,25,1
125,2013,2,9,2,20,9,15,1
125,2014,1,12,4,21,5,28,2
125,2015,3,10,4,20,5,16,3
125,2016,3,10,4,20,6,22,2
125,2017,2,10,4,19,5,19,2
125,2018,2,8,3,18,12,49,2
125,2019,3,9,3,18,2,54,2
125,2020,3,7,14,16,11,39,3
125,2021,2,8,11,18,6,32,2
125,2022,3,8,3,19,13,14,2
125,2023,3,7,17,17,14,46,2
125,2024,2,9,7,20,11,31,2
126,2008,18,7,2,4,15,12,24
126,2012,3,13,1,2,16,12,47
126,2013,3,10,1,3,7,8,34
126,2015,4,12,2,4,6,9,24
126,2016,5,9,1,5,4,6,32
126,2017,4,9,1,7,9,8,43
126,2019,4,11,1,9,3,56,39
126,2020,2,11,1,8,7,12,28
126,2021,4,13,1,10,10,9,28
126,2022,4,12,1,11,11,14,39
126,2023,2,9,1,11,16,7,43
126,2024,3,12,1,12,12,9,39
127,2005,4,4,8,2,2,2,13
127,2007,9,5,15,4,5,19,3
127,2008,6,12,15,5,8,24,5
127,2009,6,10,26,5,15,11,4
127,2010,4,12,4,4,9,19,3
127,2011,7,12,20,5,5,19,4
127,2012,4,14,18,8,4,27,2
127,2013,7,13,23,9,4,20,6
127,2014,11,14,14,10,4,20,3
127,2015,10,14,16,12,7,20,6
127,2016,7,15,32,11,12,19,3
127,2017,11,14,25,11,11,17,5
127,2018,7,12,14,10,8,31,5
127,2019,8,14,22,10,9,27,5
127,2020,6,12,22,8,6,29,2
127,2021,5,11,14,9,3,21,3
127,2022,5,13,9,9,9,11,3
127,2023,7,11,14,9,12,30,6
127,2024,4,13,14,10,4,24,4
128,2005,2,2,9,3,8,2,6
128,2007,5,4,6,6,8,4,6
128,2008,4,5,9,8,16,3,8
128,2010,3,7,5,8,5,5,8
128,2011,2,9,10,10,14,8,8
128,2012,6,10,9,11,23,8,12
128,2013,8,8,18,12,11,8,11
128,2014,6,11,25,13,14,8,14
128,2015,8,9,44,15,18,11,11
128,2016,4,11,24,15,16,9,13
128,2017,6,11,11,15,19,6,11
128,2018,4,9,9,14,15,11,9
128,2019,6,10,17,14,37,9,8
128,2020,5,8,17,12,12,13,6
128,2021,8,9,22,13,36,6,11
128,2022,6,9,18,14,37,13,15
128,2023,5,8,19,12,53,13,11
128,2024,6,10,18,15,44,13,12
129,2006,3,4,4,10,2,17,6
129,2008,3,2,12,15,2,45,12
129,2012,2,3,4,15,2,24,7
129,2014,3,5,11,15,1,21,8
129,2015,1,6,9,14,3,12,7
129,2016,2,6,2,14,3,25,12
129,2017,3,6,5,14,6,9,6
129,2018,5,6,1,13,2,27,6
129,2019,5,6,16,14,5,24,6
129,2020,8,4,8,13,1,31,4
129,2021,6,5,8,14,5,23,6
129,2022,7,6,21,15,9,25,6
129,2023,6,5,4,16,7,15,4
129,2024,7,6,8,16,5,22,6
130,2009,13,1,5,12,2,23,8
130,2010,15,1,10,12,8,27,11
130,2011,15,1,13,12,1,26,10
130,2012,19,1,27,13,13,39,10
130,2013,15,1,21,11,42,73,3
130,2014,19,1,46,11,7,35,7
130,2015,18,1,14,11,8,49,9
130,2016,15,1,12,11,24,53,7
130,2017,16,1,35,12,26,48,8
130,2018,9,1,38,11,31,59,11
130,2019,7,1,33,12,11,69,10
130,2022,8,1,48,12,16,64,7
130,2023,10,2,43,12,18,61,9
130,2024,8,1,45,13,16,62,8
131,2006,2,4,6,2,8,6,7
131,2009,3,4,7,3,8,22,6
131,2012,1,2,6,4,3,26,5
131,2014,2,3,2,5,3,44,6
131,2015,2,5,12,6,11,36,4
131,2016,6,5,21,6,8,37,6
131,2017,5,5,5,4,14,16,7
131,2018,3,5,15,4,14,24,7
131,2019,2,5,6,4,18,47,7
131,2020,4,2,16,3,19,72,5
131,2021,7,3,13,4,15,58,7
131,2022,16,5,45,4,49,39,4
131,2023,13,4,26,4,30,40,5
131,2024,9,5,27,5,28,47,5
132,2006,8,8,13,9,4,5,10
132,2008,13,6,13,17,17,9,16
132,2010,10,8,26,18,10,21,17
132,2011,3,8,8,18,6,24,31
132,2012,9,9,7,19,10,28,50
132,2013,4,7,6,19,8,18,24
132,2014,18,10,34,20,23,28,20
132,2015,12,10,18,22,20,37,18
132,2016,13,13,24,22,20,39,17
132,2017,10,12,34,22,33,26,17
132,2018,6,10,29,21,24,36,16
132,2019,13,12,2,21,25,39,14
132,2020,10,9,27,20,22,46,13
132,2021,11,10,50,20,67,25,17
132,2022,13,11,50,21,43,34,17
132,2023,29,10,46,21,36,17,19
132,2024,14,11,51,22,53,26,18
133,2005,6,3,11,12,5,2,7
133,2007,10,5,12,16,7,36,18
133,2008,14,11,15,22,13,47,18
133,2010,18,11,17,25,32,44,28
133,2011,14,13,12,25,24,53,34
133,2012,20,15,20,26,29,78,46
133,2013,16,14,29,25,20,47,16
133,2014,20,16,8,26,29,64,17
133,2015,14,15,41,26,28,45,15
133,2016,16,16,20,27,33,79,16
133,2017,20,15,20,26,47,47,18
133,2018,19,13,15,25,63,95,23
133,2019,20,15,48,26,83,119,30
133,2020,17,13,34,24,82,108,25
133,2021,15,14,25,25,51,42,18
133,2022,18,15,23,26,29,44,16
133,2023,15,12,28,25,40,54,18
133,2024,16,15,25,27,40,50,17
134,2006,7,6,1,8,3,8,8
134,2008,5,3,1,14,10,5,10
134,2009,9,7,2,14,20,4,15
134,2010,12,6,3,15,19,6,19
134,2011,17,6,1,15,2,5,19
134,2012,18,8,2,17,19,6,16
134,2013,20,6,5,15,24,6,13
134,2014,14,6,1,16,13,12,9
134,2015,17,3,6,17,22,14,10
134,2016,14,3,3,17,27,15,9
134,2017,17,3,8,17,24,11,9
134,2018,16,3,10,16,44,14,8
134,2019,10,3,13,17,33,34,9
134,2020,13,1,5,15,32,50,8
134,2021,18,2,59,16,39,31,8
134,2022,17,2,28,18,25,33,8
134,2023,19,1,16,17,23,24,10
134,2024,17,2,34,19,29,30,9
135,2005,11,10,1,11,6,2,3
135,2007,15,11,1,14,19,5,7
135,2008,16,17,3,18,37,4,14
135,2009,14,16,1,17,26,3,14
135,2010,17,21,6,22,23,3,18
135,2011,21,22,5,23,18,7,12
135,2012,21,23,13,26,21,3,11
135,2013,18,20,10,28,17,5,15
135,2014,22,22,24,29,30,6,16
135,2015,28,22,13,30,39,9,14
135,2016,19,23,4,30,52,8,15
135,2017,14,23,11,30,71,5,15
135,2018,10,19,19,27,52,9,12
135,2019,14,22,14,28,51,7,17
135,2020,18,22,25,26,30,8,14
135,2021,16,21,58,27,59,10,14
135,2022,22,22,61,29,42,6,13
135,2023,26,20,38,28,36,9,16
135,2024,20,23,53,30,50,8,15
136,2005,14,7,4,8,13,2,18
136,2007,20,7,11,11,24,18,34
136,2008,25,13,15,13,36,48,36
136,2009,18,11,9,14,19,21,22
136,2010,24,13,13,16,22,26,24
136,2011,26,11,7,17,16,37,26
136,2012,23,12,21,20,17,33,24
136,2013,17,11,14,20,19,43,14
136,2014,16,13,13,23,20,39,15
136,2015,13,13,19,25,23,25,11
136,2016,17,14,36,24,31,18,14
136,2017,15,13,46,24,53,20,13
136,2018,14,11,25,23,33,46,14
136,2019,17,13,46,21,38,40,16
136,2020,7,10,33,18,40,69,11
136,2021,20,12,48,16,72,43,12
136,2022,28,14,26,16,25,49,12
136,2023,20,13,30,12,57,38,12
136,2024,24,14,34,17,54,45,13
137,2005,9,11,10,3,9,2,10
137,2006,11,11,10,4,27,16,18
137,2008,15,18,13,6,27,58,21
137,2009,26,15,17,6,29,68,18
137,2010,21,20,12,4,20,86,21
137,2011,18,20,20,4,17,90,20
137,2012,25,22,10,5,34,105,17
137,2013,24,21,32,6,26,96,29
137,2014,30,23,43,6,46,107,29
137,2015,33,23,36,6,43,111,25
137,2016,26,24,50,7,63,100,21
137,2017,23,24,16,8,56,101,22
137,2018,21,20,23,7,60,98,19
137,2019,23,24,3,7,65,108,20
137,2020,21,20,14,7,57,109,20
137,2021,22,20,25,8,44,103,20
137,2022,27,23,58,8,67,91,18
137,2023,30,21,61,8,78,70,21
137,2024,27,24,48,9,65,94,19
138,2005,8,13,6,7,7,2,17
138,2007,11,13,4,7,30,72,32
138,2008,9,21,7,9,25,90,22
138,2009,28,19,11,8,43,84,43
138,2010,36,26,11,7,37,96,69
138,2011,31,26,8,7,46,94,81
138,2012,33,29,10,9,56,80,81
138,2013,37,27,15,8,55,90,108
138,2014,31,30,7,8,72,80,92
138,2015,32,30,5,8,82,89,73
138,2016,31,31,10,9,74,75,82
138,2017,38,30,37,9,89,72,77
138,2018,26,26,30,8,99,76,61
138,2019,28,32,6,7,81,71,50
138,2020,25,31,23,6,72,93,39
138,2021,29,32,17,7,71,93,43
138,2022,37,32,15,7,76,78,36
138,2023,37,29,20,7,76,84,37
138,2024,36,33,16,8,82,91,41
139,2009,24,25,19,13,27,2,29
139,2010,50,32,29,13,35,10,37
139,2011,37,31,17,13,22,10,42
139,2012,44,31,24,14,27,5,37
139,2013,33,28,7,14,14,3,39
139,2014,32,29,11,12,16,4,32
139,2015,22,27,23,13,15,4,27
139,2016,23,28,19,13,13,4,26
139,2017,22,25,11,13,15,7,36
139,2018,18,21,13,12,13,10,20
139,2019,21,25,28,13,14,29,36
139,2020,40,23,19,11,15,53,32
139,2021,32,19,32,12,25,11,56
139,2022,39,21,17,13,51,10,67
139,2023,47,78,20,12,50,72,76
139,2024,40,22,24,14,42,12,68
140,2005,12,6,13,5,17,2,24
140,2007,17,9,17,5,50,27,81
140,2008,22,16,31,7,86,38,99
140,2009,23,14,36,7,53,10,73
140,2010,30,19,48,6,58,71,98
140,2011,38,20,26,6,111,55,117
140,2012,51,24,50,7,106,29,113
140,2013,40,22,23,7,120,92,123
140,2014,45,25,35,7,109,91,121
140,2015,51,26,28,8,119,86,120
140,2016,45,26,23,10,116,95,121
140,2017,41,27,23,10,121,73,116
140,2018,25,23,27,9,116,58,117
140,2019,31,27,75,10,111,83,114
140,2020,26,27,41,10,95,105,87
140,2021,30,25,39,10,100,101,97
140,2022,42,27,55,10,108,61,91
140,2023,50,25,60,10,116,98,95
140,2024,41,28,52,11,116,94,102
141,2006,15,13,39,5,20,33,21
141,2009,17,18,63,11,34,32,44
141,2010,29,23,70,10,53,32,68
141,2011,24,25,64,9,74,17,79
141,2012,35,30,91,10,65,31,93
141,2013,60,30,95,10,93,26,88
141,2014,60,32,98,9,83,43,100
141,2015,65,32,87,8,109,32,114
141,2016,54,33,94,7,78,66,114
141,2017,49,33,76,6,72,48,106
141,2018,35,28,75,6,68,60,99
141,2019,45,29,96,5,95,62,113
141,2020,35,26,67,4,86,76,75
141,2021,39,26,57,5,92,84,101
141,2022,68,28,77,5,113,69,128
141,2023,56,78,78,5,107,72,106
141,2024,50,29,72,6,108,85,121
142,2006,31,17,27,16,13,73,66
142,2008,34,25,28,24,60,96,95
142,2010,68,33,51,24,64,87,106
142,2011,69,32,59,22,27,112,127
142,2012,83,35,52,24,49,93,128
142,2013,69,32,47,22,43,95,124
142,2014,79,35,54,22,33,110,128
142,2015,78,34,49,20,56,118,126
142,2016,67,37,37,20,44,128,126
142,2017,63,37,40,19,24,126,125
142,2018,50,33,45,18,33,132,114
142,2019,49,36,57,18,42,135,131
142,2020,59,34,48,16,21,114,94
142,2021,45,34,35,18,23,119,99
142,2022,57,36,63,19,22,119,130
142,2023,62,33,30,17,53,127,125
142,2024,55,37,40,20,30,133,128
143,2005,19,14,23,10,22,2,20
143,2007,16,16,61,12,79,90,55
143,2009,32,21,72,16,97,104,98
143,2010,46,29,49,16,109,116,108
143,2011,64,33,61,16,120,132,123
143,2012,76,37,75,18,129,131,128
143,2013,90,35,110,18,127,127,121
143,2014,94,38,64,19,133,133,126
143,2015,58,39,63,22,128,133,75
143,2016,78,41,86,22,132,133,114
143,2017,85,43,102,22,138,140,121
143,2018,73,39,89,21,129,135,108
143,2019,60,43,43,21,133,140,105
143,2020,57,40,80,20,113,115,51
143,2021,48,42,59,20,118,113,55
143,2022,62,44,51,21,132,140,120
143,2023,75,41,74,21,128,133,87
143,2024,64,45,63,22,135,141,88
